<?xml version="1.0" encoding="UTF-8"?><gmd:MD_Metadata xmlns:xlink="http://www.w3.org/1999/xlink" xmlns:srv="http://www.isotc211.org/2005/srv" xmlns:gts="http://www.isotc211.org/2005/gts" xmlns:gmd="http://www.isotc211.org/2005/gmd" xmlns:gco="http://www.isotc211.org/2005/gco" xmlns:gml="http://www.opengis.net/gml" xmlns:xsi="http://www.w3.org/2001/XMLSchema-instance">
<gmd:fileIdentifier>
<gco:CharacterString>1477422028922r4947065836406156</gco:CharacterString>
</gmd:fileIdentifier>
<gmd:language>
<gmd:LanguageCode codeList="http://www.loc.gov/standards/iso639-2/php/code_list.php" codeListValue="eng" codeSpace="ISO639-2">eng</gmd:LanguageCode>
</gmd:language>
<gmd:characterSet>
<gmd:MD_CharacterSetCode codeList="http://www.isotc211.org/2005/resources/Codelist/gmxCodelists.xml#MD_CharacterSetCode" codeListValue="utf8" codeSpace="ISOTC211/19115">utf8</gmd:MD_CharacterSetCode>
</gmd:characterSet>
<gmd:hierarchyLevel>
<gmd:MD_ScopeCode codeList="http://www.isotc211.org/2005/resources/Codelist/gmxCodelists.xml#MD_ScopeCode" codeListValue="dataset" codeSpace="ISOTC211/19115">dataset</gmd:MD_ScopeCode>
</gmd:hierarchyLevel>
<gmd:contact>
<gmd:CI_ResponsibleParty>
<gmd:individualName>
<gco:CharacterString>GIS Database Administrator</gco:CharacterString>
</gmd:individualName>
<gmd:organisationName>
<gco:CharacterString>VT Center for Geographic Information</gco:CharacterString>
</gmd:organisationName>
<gmd:contactInfo>
<gmd:CI_Contact>
<gmd:phone>
<gmd:CI_Telephone>
<gmd:voice>
<gco:CharacterString>802/882-3002</gco:CharacterString>
</gmd:voice>
<gmd:voice>
<gco:CharacterString>None</gco:CharacterString>
</gmd:voice>
<gmd:facsimile>
<gco:CharacterString>802/828-3383</gco:CharacterString>
</gmd:facsimile>
</gmd:CI_Telephone>
</gmd:phone>
<gmd:address>
<gmd:CI_Address>
<gmd:deliveryPoint>
<gco:CharacterString>1 National Life Dr., Davis Building, 6th Floor</gco:CharacterString>
</gmd:deliveryPoint>
<gmd:city>
<gco:CharacterString>Montpelier</gco:CharacterString>
</gmd:city>
<gmd:administrativeArea>
<gco:CharacterString>VT</gco:CharacterString>
</gmd:administrativeArea>
<gmd:postalCode>
<gco:CharacterString>05620-0501</gco:CharacterString>
</gmd:postalCode>
<gmd:country>
<gco:CharacterString>US</gco:CharacterString>
</gmd:country>
</gmd:CI_Address>
</gmd:address>
</gmd:CI_Contact>
</gmd:contactInfo>
<gmd:role>
<gmd:CI_RoleCode codeList="http://www.isotc211.org/2005/resources/Codelist/gmxCodelists.xml#CI_RoleCode" codeListValue="pointOfContact" codeSpace="ISOTC211/19115">pointOfContact</gmd:CI_RoleCode>
</gmd:role>
</gmd:CI_ResponsibleParty>
</gmd:contact>
<dateStamp>
<gco:Date>1994-06-08</gco:Date>
</dateStamp>
<gmd:metadataStandardName>
<gco:CharacterString>NAP - Metadata</gco:CharacterString>
</gmd:metadataStandardName>
<gmd:metadataStandardVersion>
<gco:CharacterString>1.2</gco:CharacterString>
</gmd:metadataStandardVersion>
<gmd:spatialRepresentationInfo>
<gmd:MD_VectorSpatialRepresentation>
<gmd:geometricObjects>
<gmd:MD_GeometricObjects>
<gmd:geometricObjectType>
<gmd:MD_GeometricObjectTypeCode codeList="http://www.isotc211.org/2005/resources/Codelist/gmxCodelists.xml#MD_GeometricObjectTypeCode" codeListValue="complex" codeSpace="ISOTC211/19115">complex</gmd:MD_GeometricObjectTypeCode>
</gmd:geometricObjectType>
<gmd:geometricObjectCount>
<gco:Integer>14</gco:Integer>
</gmd:geometricObjectCount>
</gmd:MD_GeometricObjects>
</gmd:geometricObjects>
</gmd:MD_VectorSpatialRepresentation>
</gmd:spatialRepresentationInfo>
<gmd:referenceSystemInfo gco:nilReason="missing"/>
<gmd:identificationInfo>
<gmd:MD_DataIdentification>
<gmd:citation>
<gmd:CI_Citation>
<gmd:title>
<gco:CharacterString>HealthStats_CNTYHEAL2</gco:CharacterString>
</gmd:title>
<gmd:date>
<gmd:CI_Date>
<date>
<gco:Date>2000-07-25</gco:Date>
</date>
<gmd:dateType>
<gmd:CI_DateTypeCode codeList="http://www.isotc211.org/2005/resources/Codelist/gmxCodelists.xml#CI_DateTypeCode" codeListValue="publication" codeSpace="ISOTC211/19115">publication</gmd:CI_DateTypeCode>
</gmd:dateType>
</gmd:CI_Date>
</gmd:date>
<gmd:edition>
<gco:CharacterString>1.0</gco:CharacterString>
</gmd:edition>
<gmd:citedResponsibleParty>
<gmd:CI_ResponsibleParty>
<gmd:organisationName>
<gco:CharacterString>UVM/CDAE, VT Agency of Human Services, UVM-Center for Rural Studies, VCGI(comp.)</gco:CharacterString>
</gmd:organisationName>
<gmd:contactInfo gco:nilReason="missing"/>
<gmd:role>
<gmd:CI_RoleCode codeList="http://www.isotc211.org/2005/resources/Codelist/gmxCodelists.xml#CI_RoleCode" codeListValue="originator" codeSpace="ISOTC211/19115">originator</gmd:CI_RoleCode>
</gmd:role>
</gmd:CI_ResponsibleParty>
</gmd:citedResponsibleParty>
<gmd:citedResponsibleParty>
<gmd:CI_ResponsibleParty>
<gmd:organisationName>
<gco:CharacterString>VCGI</gco:CharacterString>
</gmd:organisationName>
<gmd:contactInfo>
<gmd:CI_Contact>
<gmd:address>
<gmd:CI_Address>
<gmd:deliveryPoint>
<gco:CharacterString>Waterbury, Vermont</gco:CharacterString>
</gmd:deliveryPoint>
</gmd:CI_Address>
</gmd:address>
</gmd:CI_Contact>
</gmd:contactInfo>
<gmd:role>
<gmd:CI_RoleCode codeList="http://www.isotc211.org/2005/resources/Codelist/gmxCodelists.xml#CI_RoleCode" codeListValue="publisher" codeSpace="ISOTC211/19115">publisher</gmd:CI_RoleCode>
</gmd:role>
</gmd:CI_ResponsibleParty>
</gmd:citedResponsibleParty>
<gmd:presentationForm>
<gmd:CI_PresentationFormCode codeList="http://www.isotc211.org/2005/resources/Codelist/gmxCodelists.xml#CI_PresentationFormCode" codeListValue="mapDigital" codeSpace="ISOTC211/19115">mapDigital</gmd:CI_PresentationFormCode>
</gmd:presentationForm>
<gmd:series>
<gmd:CI_Series>
<gmd:name>
<gco:CharacterString>Vermont County Health Data 1986 to 2000</gco:CharacterString>
</gmd:name>
<gmd:issueIdentification>
<gco:CharacterString>1.0</gco:CharacterString>
</gmd:issueIdentification>
</gmd:CI_Series>
</gmd:series>
<gmd:otherCitationDetails>
<gco:CharacterString>Tile Structure - STATE</gco:CharacterString>
</gmd:otherCitationDetails>
</gmd:CI_Citation>
</gmd:citation>
<gmd:abstract>
<gco:CharacterString>(Link to Metadata) This datalayer contains Vermont Population and Health data describing public health (1986-2000), by county, extracted from various sources, such as; the Vermont Department of Health, the Vermont Center for Justice Research, the National Institute on Alcohol Abuse &amp; Alcoholism, et al. Development of this database is a continual effort. Periodically, more data will be added. Additional Public Health data can be found in the HealthStats_CTYHEAL1 database. Funding for much of this data was provided by the UVM - Center for Rural Studies. One may download Excel spreadsheets or comma-delimited ASCII textfiles of this data from the VGIS indicators webpage - http://vcgi.vermont.gov/indicators/</gco:CharacterString>
</gmd:abstract>
<gmd:purpose>
<gco:CharacterString>County-level health data describing; Smoking &amp; Substance use, Child and Adult abuse and neglect, and teen sexually-transmitted diseases, Low-Birthweight babies, etc. - contained within topological county boundaries, derived from the coverage BoundaryTown_TB250 (RF 250,000 scale). Any suggestions regarding other data which should be included should be submitted to VCGI.</gco:CharacterString>
</gmd:purpose>
<gmd:credit>
<gco:CharacterString>- Jane Kolodinsky, Associate Professor, CDAE, 2000 - Melissa Drzewiczewski, Research Assistant, CDAE, 2000 - David Murphey, Senior Data Analyst, VT AHS, 2000 - Daryl Benoit, Project Manager, VCGI, 2000</gco:CharacterString>
</gmd:credit>
<gmd:status>
<gmd:MD_ProgressCode codeList="http://www.isotc211.org/2005/resources/Codelist/gmxCodelists.xml#MD_ProgressCode" codeListValue="planned" codeSpace="ISOTC211/19115">planned</gmd:MD_ProgressCode>
</gmd:status>
<gmd:pointOfContact>
<gmd:CI_ResponsibleParty>
<gmd:organisationName>
<gco:CharacterString>UVM - Community Development &amp; Applied Economics, Center for Rural Studies</gco:CharacterString>
</gmd:organisationName>
<gmd:contactInfo>
<gmd:CI_Contact>
<gmd:phone>
<gmd:CI_Telephone>
<gmd:voice>
<gco:CharacterString>(802) 656-3021</gco:CharacterString>
</gmd:voice>
<gmd:facsimile>
<gco:CharacterString>N/A</gco:CharacterString>
</gmd:facsimile>
</gmd:CI_Telephone>
</gmd:phone>
<gmd:address>
<gmd:CI_Address>
<gmd:deliveryPoint>
<gco:CharacterString>Morrill Hall University of Vermont,</gco:CharacterString>
</gmd:deliveryPoint>
<gmd:city>
<gco:CharacterString>Burlington</gco:CharacterString>
</gmd:city>
<gmd:administrativeArea>
<gco:CharacterString>Vermont</gco:CharacterString>
</gmd:administrativeArea>
<gmd:postalCode>
<gco:CharacterString>05405</gco:CharacterString>
</gmd:postalCode>
<gmd:country>
<gco:CharacterString>U.S.</gco:CharacterString>
</gmd:country>
</gmd:CI_Address>
</gmd:address>
<gmd:hoursOfService>
<gco:CharacterString>9am - 5pm, M-F</gco:CharacterString>
</gmd:hoursOfService>
</gmd:CI_Contact>
</gmd:contactInfo>
<gmd:role>
<gmd:CI_RoleCode codeList="http://www.isotc211.org/2005/resources/Codelist/gmxCodelists.xml#CI_RoleCode" codeListValue="pointOfContact" codeSpace="ISOTC211/19115">pointOfContact</gmd:CI_RoleCode>
</gmd:role>
</gmd:CI_ResponsibleParty>
</gmd:pointOfContact>
<gmd:resourceMaintenance>
<gmd:MD_MaintenanceInformation>
<gmd:maintenanceAndUpdateFrequency>
<gmd:MD_MaintenanceFrequencyCode codeList="http://www.isotc211.org/2005/resources/Codelist/gmxCodelists.xml#MD_MaintenanceFrequencyCode" codeListValue="asNeeded" codeSpace="ISOTC211/19115">asNeeded</gmd:MD_MaintenanceFrequencyCode>
</gmd:maintenanceAndUpdateFrequency>
</gmd:MD_MaintenanceInformation>
</gmd:resourceMaintenance>
<gmd:descriptiveKeywords>
<gmd:MD_Keywords>
<gmd:keyword>
<gco:CharacterString>Vermont</gco:CharacterString>
</gmd:keyword>
<gmd:type>
<gmd:MD_KeywordTypeCode codeList="http://www.isotc211.org/2005/resources/Codelist/gmxCodelists.xml#MD_KeywordTypeCode" codeListValue="place" codeSpace="ISOTC211/19115">place</gmd:MD_KeywordTypeCode>
</gmd:type>
<gmd:thesaurusName>
<gmd:CI_Citation>
<gmd:title>
<gco:CharacterString>Geographic Names Information System</gco:CharacterString>
</gmd:title>
<gmd:date gco:nilReason="missing"/>
<gmd:citedResponsibleParty gco:nilReason="missing"/>
</gmd:CI_Citation>
</gmd:thesaurusName>
</gmd:MD_Keywords>
</gmd:descriptiveKeywords>
<gmd:descriptiveKeywords>
<gmd:MD_Keywords>
<gmd:keyword>
<gco:CharacterString>1996</gco:CharacterString>
</gmd:keyword>
<gmd:keyword>
<gco:CharacterString>1989</gco:CharacterString>
</gmd:keyword>
<gmd:keyword>
<gco:CharacterString>1992</gco:CharacterString>
</gmd:keyword>
<gmd:keyword>
<gco:CharacterString>2000</gco:CharacterString>
</gmd:keyword>
<gmd:keyword>
<gco:CharacterString>1995</gco:CharacterString>
</gmd:keyword>
<gmd:keyword>
<gco:CharacterString>1988</gco:CharacterString>
</gmd:keyword>
<gmd:keyword>
<gco:CharacterString>1987</gco:CharacterString>
</gmd:keyword>
<gmd:keyword>
<gco:CharacterString>1986</gco:CharacterString>
</gmd:keyword>
<gmd:keyword>
<gco:CharacterString>1997</gco:CharacterString>
</gmd:keyword>
<gmd:keyword>
<gco:CharacterString>1998</gco:CharacterString>
</gmd:keyword>
<gmd:keyword>
<gco:CharacterString>1991</gco:CharacterString>
</gmd:keyword>
<gmd:keyword>
<gco:CharacterString>1993</gco:CharacterString>
</gmd:keyword>
<gmd:keyword>
<gco:CharacterString>1999</gco:CharacterString>
</gmd:keyword>
<gmd:keyword>
<gco:CharacterString>1994</gco:CharacterString>
</gmd:keyword>
<gmd:keyword>
<gco:CharacterString>1990</gco:CharacterString>
</gmd:keyword>
<gmd:type>
<gmd:MD_KeywordTypeCode codeList="http://www.isotc211.org/2005/resources/Codelist/gmxCodelists.xml#MD_KeywordTypeCode" codeListValue="temporal" codeSpace="ISOTC211/19115">temporal</gmd:MD_KeywordTypeCode>
</gmd:type>
</gmd:MD_Keywords>
</gmd:descriptiveKeywords>
<gmd:descriptiveKeywords>
<gmd:MD_Keywords>
<gmd:keyword>
<gco:CharacterString>1996</gco:CharacterString>
</gmd:keyword>
<gmd:keyword>
<gco:CharacterString>1989</gco:CharacterString>
</gmd:keyword>
<gmd:keyword>
<gco:CharacterString>1992</gco:CharacterString>
</gmd:keyword>
<gmd:keyword>
<gco:CharacterString>2000</gco:CharacterString>
</gmd:keyword>
<gmd:keyword>
<gco:CharacterString>1995</gco:CharacterString>
</gmd:keyword>
<gmd:keyword>
<gco:CharacterString>1988</gco:CharacterString>
</gmd:keyword>
<gmd:keyword>
<gco:CharacterString>1987</gco:CharacterString>
</gmd:keyword>
<gmd:keyword>
<gco:CharacterString>1986</gco:CharacterString>
</gmd:keyword>
<gmd:keyword>
<gco:CharacterString>1997</gco:CharacterString>
</gmd:keyword>
<gmd:keyword>
<gco:CharacterString>1998</gco:CharacterString>
</gmd:keyword>
<gmd:keyword>
<gco:CharacterString>1991</gco:CharacterString>
</gmd:keyword>
<gmd:keyword>
<gco:CharacterString>1993</gco:CharacterString>
</gmd:keyword>
<gmd:keyword>
<gco:CharacterString>1999</gco:CharacterString>
</gmd:keyword>
<gmd:keyword>
<gco:CharacterString>1994</gco:CharacterString>
</gmd:keyword>
<gmd:keyword>
<gco:CharacterString>1990</gco:CharacterString>
</gmd:keyword>
<gmd:type>
<gmd:MD_KeywordTypeCode codeList="http://www.isotc211.org/2005/resources/Codelist/gmxCodelists.xml#MD_KeywordTypeCode" codeListValue="temporal" codeSpace="ISOTC211/19115">temporal</gmd:MD_KeywordTypeCode>
</gmd:type>
</gmd:MD_Keywords>
</gmd:descriptiveKeywords>
<gmd:descriptiveKeywords>
<gmd:MD_Keywords>
<gmd:keyword>
<gco:CharacterString>1996</gco:CharacterString>
</gmd:keyword>
<gmd:keyword>
<gco:CharacterString>1989</gco:CharacterString>
</gmd:keyword>
<gmd:keyword>
<gco:CharacterString>1992</gco:CharacterString>
</gmd:keyword>
<gmd:keyword>
<gco:CharacterString>2000</gco:CharacterString>
</gmd:keyword>
<gmd:keyword>
<gco:CharacterString>1995</gco:CharacterString>
</gmd:keyword>
<gmd:keyword>
<gco:CharacterString>1988</gco:CharacterString>
</gmd:keyword>
<gmd:keyword>
<gco:CharacterString>1987</gco:CharacterString>
</gmd:keyword>
<gmd:keyword>
<gco:CharacterString>1986</gco:CharacterString>
</gmd:keyword>
<gmd:keyword>
<gco:CharacterString>1997</gco:CharacterString>
</gmd:keyword>
<gmd:keyword>
<gco:CharacterString>1998</gco:CharacterString>
</gmd:keyword>
<gmd:keyword>
<gco:CharacterString>1991</gco:CharacterString>
</gmd:keyword>
<gmd:keyword>
<gco:CharacterString>1993</gco:CharacterString>
</gmd:keyword>
<gmd:keyword>
<gco:CharacterString>1999</gco:CharacterString>
</gmd:keyword>
<gmd:keyword>
<gco:CharacterString>1994</gco:CharacterString>
</gmd:keyword>
<gmd:keyword>
<gco:CharacterString>1990</gco:CharacterString>
</gmd:keyword>
<gmd:type>
<gmd:MD_KeywordTypeCode codeList="http://www.isotc211.org/2005/resources/Codelist/gmxCodelists.xml#MD_KeywordTypeCode" codeListValue="temporal" codeSpace="ISOTC211/19115">temporal</gmd:MD_KeywordTypeCode>
</gmd:type>
</gmd:MD_Keywords>
</gmd:descriptiveKeywords>
<gmd:descriptiveKeywords>
<gmd:MD_Keywords>
<gmd:keyword>
<gco:CharacterString>1996</gco:CharacterString>
</gmd:keyword>
<gmd:keyword>
<gco:CharacterString>1989</gco:CharacterString>
</gmd:keyword>
<gmd:keyword>
<gco:CharacterString>1992</gco:CharacterString>
</gmd:keyword>
<gmd:keyword>
<gco:CharacterString>2000</gco:CharacterString>
</gmd:keyword>
<gmd:keyword>
<gco:CharacterString>1995</gco:CharacterString>
</gmd:keyword>
<gmd:keyword>
<gco:CharacterString>1988</gco:CharacterString>
</gmd:keyword>
<gmd:keyword>
<gco:CharacterString>1987</gco:CharacterString>
</gmd:keyword>
<gmd:keyword>
<gco:CharacterString>1986</gco:CharacterString>
</gmd:keyword>
<gmd:keyword>
<gco:CharacterString>1997</gco:CharacterString>
</gmd:keyword>
<gmd:keyword>
<gco:CharacterString>1998</gco:CharacterString>
</gmd:keyword>
<gmd:keyword>
<gco:CharacterString>1991</gco:CharacterString>
</gmd:keyword>
<gmd:keyword>
<gco:CharacterString>1993</gco:CharacterString>
</gmd:keyword>
<gmd:keyword>
<gco:CharacterString>1999</gco:CharacterString>
</gmd:keyword>
<gmd:keyword>
<gco:CharacterString>1994</gco:CharacterString>
</gmd:keyword>
<gmd:keyword>
<gco:CharacterString>1990</gco:CharacterString>
</gmd:keyword>
<gmd:type>
<gmd:MD_KeywordTypeCode codeList="http://www.isotc211.org/2005/resources/Codelist/gmxCodelists.xml#MD_KeywordTypeCode" codeListValue="temporal" codeSpace="ISOTC211/19115">temporal</gmd:MD_KeywordTypeCode>
</gmd:type>
</gmd:MD_Keywords>
</gmd:descriptiveKeywords>
<gmd:descriptiveKeywords>
<gmd:MD_Keywords>
<gmd:keyword>
<gco:CharacterString>1996</gco:CharacterString>
</gmd:keyword>
<gmd:keyword>
<gco:CharacterString>1989</gco:CharacterString>
</gmd:keyword>
<gmd:keyword>
<gco:CharacterString>1992</gco:CharacterString>
</gmd:keyword>
<gmd:keyword>
<gco:CharacterString>2000</gco:CharacterString>
</gmd:keyword>
<gmd:keyword>
<gco:CharacterString>1995</gco:CharacterString>
</gmd:keyword>
<gmd:keyword>
<gco:CharacterString>1988</gco:CharacterString>
</gmd:keyword>
<gmd:keyword>
<gco:CharacterString>1987</gco:CharacterString>
</gmd:keyword>
<gmd:keyword>
<gco:CharacterString>1986</gco:CharacterString>
</gmd:keyword>
<gmd:keyword>
<gco:CharacterString>1997</gco:CharacterString>
</gmd:keyword>
<gmd:keyword>
<gco:CharacterString>1998</gco:CharacterString>
</gmd:keyword>
<gmd:keyword>
<gco:CharacterString>1991</gco:CharacterString>
</gmd:keyword>
<gmd:keyword>
<gco:CharacterString>1993</gco:CharacterString>
</gmd:keyword>
<gmd:keyword>
<gco:CharacterString>1999</gco:CharacterString>
</gmd:keyword>
<gmd:keyword>
<gco:CharacterString>1994</gco:CharacterString>
</gmd:keyword>
<gmd:keyword>
<gco:CharacterString>1990</gco:CharacterString>
</gmd:keyword>
<gmd:type>
<gmd:MD_KeywordTypeCode codeList="http://www.isotc211.org/2005/resources/Codelist/gmxCodelists.xml#MD_KeywordTypeCode" codeListValue="temporal" codeSpace="ISOTC211/19115">temporal</gmd:MD_KeywordTypeCode>
</gmd:type>
</gmd:MD_Keywords>
</gmd:descriptiveKeywords>
<gmd:descriptiveKeywords>
<gmd:MD_Keywords>
<gmd:keyword>
<gco:CharacterString>1996</gco:CharacterString>
</gmd:keyword>
<gmd:keyword>
<gco:CharacterString>1989</gco:CharacterString>
</gmd:keyword>
<gmd:keyword>
<gco:CharacterString>1992</gco:CharacterString>
</gmd:keyword>
<gmd:keyword>
<gco:CharacterString>2000</gco:CharacterString>
</gmd:keyword>
<gmd:keyword>
<gco:CharacterString>1995</gco:CharacterString>
</gmd:keyword>
<gmd:keyword>
<gco:CharacterString>1988</gco:CharacterString>
</gmd:keyword>
<gmd:keyword>
<gco:CharacterString>1987</gco:CharacterString>
</gmd:keyword>
<gmd:keyword>
<gco:CharacterString>1986</gco:CharacterString>
</gmd:keyword>
<gmd:keyword>
<gco:CharacterString>1997</gco:CharacterString>
</gmd:keyword>
<gmd:keyword>
<gco:CharacterString>1998</gco:CharacterString>
</gmd:keyword>
<gmd:keyword>
<gco:CharacterString>1991</gco:CharacterString>
</gmd:keyword>
<gmd:keyword>
<gco:CharacterString>1993</gco:CharacterString>
</gmd:keyword>
<gmd:keyword>
<gco:CharacterString>1999</gco:CharacterString>
</gmd:keyword>
<gmd:keyword>
<gco:CharacterString>1994</gco:CharacterString>
</gmd:keyword>
<gmd:keyword>
<gco:CharacterString>1990</gco:CharacterString>
</gmd:keyword>
<gmd:type>
<gmd:MD_KeywordTypeCode codeList="http://www.isotc211.org/2005/resources/Codelist/gmxCodelists.xml#MD_KeywordTypeCode" codeListValue="temporal" codeSpace="ISOTC211/19115">temporal</gmd:MD_KeywordTypeCode>
</gmd:type>
</gmd:MD_Keywords>
</gmd:descriptiveKeywords>
<gmd:descriptiveKeywords>
<gmd:MD_Keywords>
<gmd:keyword>
<gco:CharacterString>1996</gco:CharacterString>
</gmd:keyword>
<gmd:keyword>
<gco:CharacterString>1989</gco:CharacterString>
</gmd:keyword>
<gmd:keyword>
<gco:CharacterString>1992</gco:CharacterString>
</gmd:keyword>
<gmd:keyword>
<gco:CharacterString>2000</gco:CharacterString>
</gmd:keyword>
<gmd:keyword>
<gco:CharacterString>1995</gco:CharacterString>
</gmd:keyword>
<gmd:keyword>
<gco:CharacterString>1988</gco:CharacterString>
</gmd:keyword>
<gmd:keyword>
<gco:CharacterString>1987</gco:CharacterString>
</gmd:keyword>
<gmd:keyword>
<gco:CharacterString>1986</gco:CharacterString>
</gmd:keyword>
<gmd:keyword>
<gco:CharacterString>1997</gco:CharacterString>
</gmd:keyword>
<gmd:keyword>
<gco:CharacterString>1998</gco:CharacterString>
</gmd:keyword>
<gmd:keyword>
<gco:CharacterString>1991</gco:CharacterString>
</gmd:keyword>
<gmd:keyword>
<gco:CharacterString>1993</gco:CharacterString>
</gmd:keyword>
<gmd:keyword>
<gco:CharacterString>1999</gco:CharacterString>
</gmd:keyword>
<gmd:keyword>
<gco:CharacterString>1994</gco:CharacterString>
</gmd:keyword>
<gmd:keyword>
<gco:CharacterString>1990</gco:CharacterString>
</gmd:keyword>
<gmd:type>
<gmd:MD_KeywordTypeCode codeList="http://www.isotc211.org/2005/resources/Codelist/gmxCodelists.xml#MD_KeywordTypeCode" codeListValue="temporal" codeSpace="ISOTC211/19115">temporal</gmd:MD_KeywordTypeCode>
</gmd:type>
</gmd:MD_Keywords>
</gmd:descriptiveKeywords>
<gmd:descriptiveKeywords>
<gmd:MD_Keywords>
<gmd:keyword>
<gco:CharacterString>1996</gco:CharacterString>
</gmd:keyword>
<gmd:keyword>
<gco:CharacterString>1989</gco:CharacterString>
</gmd:keyword>
<gmd:keyword>
<gco:CharacterString>1992</gco:CharacterString>
</gmd:keyword>
<gmd:keyword>
<gco:CharacterString>2000</gco:CharacterString>
</gmd:keyword>
<gmd:keyword>
<gco:CharacterString>1995</gco:CharacterString>
</gmd:keyword>
<gmd:keyword>
<gco:CharacterString>1988</gco:CharacterString>
</gmd:keyword>
<gmd:keyword>
<gco:CharacterString>1987</gco:CharacterString>
</gmd:keyword>
<gmd:keyword>
<gco:CharacterString>1986</gco:CharacterString>
</gmd:keyword>
<gmd:keyword>
<gco:CharacterString>1997</gco:CharacterString>
</gmd:keyword>
<gmd:keyword>
<gco:CharacterString>1998</gco:CharacterString>
</gmd:keyword>
<gmd:keyword>
<gco:CharacterString>1991</gco:CharacterString>
</gmd:keyword>
<gmd:keyword>
<gco:CharacterString>1993</gco:CharacterString>
</gmd:keyword>
<gmd:keyword>
<gco:CharacterString>1999</gco:CharacterString>
</gmd:keyword>
<gmd:keyword>
<gco:CharacterString>1994</gco:CharacterString>
</gmd:keyword>
<gmd:keyword>
<gco:CharacterString>1990</gco:CharacterString>
</gmd:keyword>
<gmd:type>
<gmd:MD_KeywordTypeCode codeList="http://www.isotc211.org/2005/resources/Codelist/gmxCodelists.xml#MD_KeywordTypeCode" codeListValue="temporal" codeSpace="ISOTC211/19115">temporal</gmd:MD_KeywordTypeCode>
</gmd:type>
</gmd:MD_Keywords>
</gmd:descriptiveKeywords>
<gmd:descriptiveKeywords>
<gmd:MD_Keywords>
<gmd:keyword>
<gco:CharacterString>1996</gco:CharacterString>
</gmd:keyword>
<gmd:keyword>
<gco:CharacterString>1989</gco:CharacterString>
</gmd:keyword>
<gmd:keyword>
<gco:CharacterString>1992</gco:CharacterString>
</gmd:keyword>
<gmd:keyword>
<gco:CharacterString>2000</gco:CharacterString>
</gmd:keyword>
<gmd:keyword>
<gco:CharacterString>1995</gco:CharacterString>
</gmd:keyword>
<gmd:keyword>
<gco:CharacterString>1988</gco:CharacterString>
</gmd:keyword>
<gmd:keyword>
<gco:CharacterString>1987</gco:CharacterString>
</gmd:keyword>
<gmd:keyword>
<gco:CharacterString>1986</gco:CharacterString>
</gmd:keyword>
<gmd:keyword>
<gco:CharacterString>1997</gco:CharacterString>
</gmd:keyword>
<gmd:keyword>
<gco:CharacterString>1998</gco:CharacterString>
</gmd:keyword>
<gmd:keyword>
<gco:CharacterString>1991</gco:CharacterString>
</gmd:keyword>
<gmd:keyword>
<gco:CharacterString>1993</gco:CharacterString>
</gmd:keyword>
<gmd:keyword>
<gco:CharacterString>1999</gco:CharacterString>
</gmd:keyword>
<gmd:keyword>
<gco:CharacterString>1994</gco:CharacterString>
</gmd:keyword>
<gmd:keyword>
<gco:CharacterString>1990</gco:CharacterString>
</gmd:keyword>
<gmd:type>
<gmd:MD_KeywordTypeCode codeList="http://www.isotc211.org/2005/resources/Codelist/gmxCodelists.xml#MD_KeywordTypeCode" codeListValue="temporal" codeSpace="ISOTC211/19115">temporal</gmd:MD_KeywordTypeCode>
</gmd:type>
</gmd:MD_Keywords>
</gmd:descriptiveKeywords>
<gmd:descriptiveKeywords>
<gmd:MD_Keywords>
<gmd:keyword>
<gco:CharacterString>1996</gco:CharacterString>
</gmd:keyword>
<gmd:keyword>
<gco:CharacterString>1989</gco:CharacterString>
</gmd:keyword>
<gmd:keyword>
<gco:CharacterString>1992</gco:CharacterString>
</gmd:keyword>
<gmd:keyword>
<gco:CharacterString>2000</gco:CharacterString>
</gmd:keyword>
<gmd:keyword>
<gco:CharacterString>1995</gco:CharacterString>
</gmd:keyword>
<gmd:keyword>
<gco:CharacterString>1988</gco:CharacterString>
</gmd:keyword>
<gmd:keyword>
<gco:CharacterString>1987</gco:CharacterString>
</gmd:keyword>
<gmd:keyword>
<gco:CharacterString>1986</gco:CharacterString>
</gmd:keyword>
<gmd:keyword>
<gco:CharacterString>1997</gco:CharacterString>
</gmd:keyword>
<gmd:keyword>
<gco:CharacterString>1998</gco:CharacterString>
</gmd:keyword>
<gmd:keyword>
<gco:CharacterString>1991</gco:CharacterString>
</gmd:keyword>
<gmd:keyword>
<gco:CharacterString>1993</gco:CharacterString>
</gmd:keyword>
<gmd:keyword>
<gco:CharacterString>1999</gco:CharacterString>
</gmd:keyword>
<gmd:keyword>
<gco:CharacterString>1994</gco:CharacterString>
</gmd:keyword>
<gmd:keyword>
<gco:CharacterString>1990</gco:CharacterString>
</gmd:keyword>
<gmd:type>
<gmd:MD_KeywordTypeCode codeList="http://www.isotc211.org/2005/resources/Codelist/gmxCodelists.xml#MD_KeywordTypeCode" codeListValue="temporal" codeSpace="ISOTC211/19115">temporal</gmd:MD_KeywordTypeCode>
</gmd:type>
</gmd:MD_Keywords>
</gmd:descriptiveKeywords>
<gmd:descriptiveKeywords>
<gmd:MD_Keywords>
<gmd:keyword>
<gco:CharacterString>1996</gco:CharacterString>
</gmd:keyword>
<gmd:keyword>
<gco:CharacterString>1989</gco:CharacterString>
</gmd:keyword>
<gmd:keyword>
<gco:CharacterString>1992</gco:CharacterString>
</gmd:keyword>
<gmd:keyword>
<gco:CharacterString>2000</gco:CharacterString>
</gmd:keyword>
<gmd:keyword>
<gco:CharacterString>1995</gco:CharacterString>
</gmd:keyword>
<gmd:keyword>
<gco:CharacterString>1988</gco:CharacterString>
</gmd:keyword>
<gmd:keyword>
<gco:CharacterString>1987</gco:CharacterString>
</gmd:keyword>
<gmd:keyword>
<gco:CharacterString>1986</gco:CharacterString>
</gmd:keyword>
<gmd:keyword>
<gco:CharacterString>1997</gco:CharacterString>
</gmd:keyword>
<gmd:keyword>
<gco:CharacterString>1998</gco:CharacterString>
</gmd:keyword>
<gmd:keyword>
<gco:CharacterString>1991</gco:CharacterString>
</gmd:keyword>
<gmd:keyword>
<gco:CharacterString>1993</gco:CharacterString>
</gmd:keyword>
<gmd:keyword>
<gco:CharacterString>1999</gco:CharacterString>
</gmd:keyword>
<gmd:keyword>
<gco:CharacterString>1994</gco:CharacterString>
</gmd:keyword>
<gmd:keyword>
<gco:CharacterString>1990</gco:CharacterString>
</gmd:keyword>
<gmd:type>
<gmd:MD_KeywordTypeCode codeList="http://www.isotc211.org/2005/resources/Codelist/gmxCodelists.xml#MD_KeywordTypeCode" codeListValue="temporal" codeSpace="ISOTC211/19115">temporal</gmd:MD_KeywordTypeCode>
</gmd:type>
</gmd:MD_Keywords>
</gmd:descriptiveKeywords>
<gmd:descriptiveKeywords>
<gmd:MD_Keywords>
<gmd:keyword>
<gco:CharacterString>1996</gco:CharacterString>
</gmd:keyword>
<gmd:keyword>
<gco:CharacterString>1989</gco:CharacterString>
</gmd:keyword>
<gmd:keyword>
<gco:CharacterString>1992</gco:CharacterString>
</gmd:keyword>
<gmd:keyword>
<gco:CharacterString>2000</gco:CharacterString>
</gmd:keyword>
<gmd:keyword>
<gco:CharacterString>1995</gco:CharacterString>
</gmd:keyword>
<gmd:keyword>
<gco:CharacterString>1988</gco:CharacterString>
</gmd:keyword>
<gmd:keyword>
<gco:CharacterString>1987</gco:CharacterString>
</gmd:keyword>
<gmd:keyword>
<gco:CharacterString>1986</gco:CharacterString>
</gmd:keyword>
<gmd:keyword>
<gco:CharacterString>1997</gco:CharacterString>
</gmd:keyword>
<gmd:keyword>
<gco:CharacterString>1998</gco:CharacterString>
</gmd:keyword>
<gmd:keyword>
<gco:CharacterString>1991</gco:CharacterString>
</gmd:keyword>
<gmd:keyword>
<gco:CharacterString>1993</gco:CharacterString>
</gmd:keyword>
<gmd:keyword>
<gco:CharacterString>1999</gco:CharacterString>
</gmd:keyword>
<gmd:keyword>
<gco:CharacterString>1994</gco:CharacterString>
</gmd:keyword>
<gmd:keyword>
<gco:CharacterString>1990</gco:CharacterString>
</gmd:keyword>
<gmd:type>
<gmd:MD_KeywordTypeCode codeList="http://www.isotc211.org/2005/resources/Codelist/gmxCodelists.xml#MD_KeywordTypeCode" codeListValue="temporal" codeSpace="ISOTC211/19115">temporal</gmd:MD_KeywordTypeCode>
</gmd:type>
</gmd:MD_Keywords>
</gmd:descriptiveKeywords>
<gmd:descriptiveKeywords>
<gmd:MD_Keywords>
<gmd:keyword>
<gco:CharacterString>1996</gco:CharacterString>
</gmd:keyword>
<gmd:keyword>
<gco:CharacterString>1989</gco:CharacterString>
</gmd:keyword>
<gmd:keyword>
<gco:CharacterString>1992</gco:CharacterString>
</gmd:keyword>
<gmd:keyword>
<gco:CharacterString>2000</gco:CharacterString>
</gmd:keyword>
<gmd:keyword>
<gco:CharacterString>1995</gco:CharacterString>
</gmd:keyword>
<gmd:keyword>
<gco:CharacterString>1988</gco:CharacterString>
</gmd:keyword>
<gmd:keyword>
<gco:CharacterString>1987</gco:CharacterString>
</gmd:keyword>
<gmd:keyword>
<gco:CharacterString>1986</gco:CharacterString>
</gmd:keyword>
<gmd:keyword>
<gco:CharacterString>1997</gco:CharacterString>
</gmd:keyword>
<gmd:keyword>
<gco:CharacterString>1998</gco:CharacterString>
</gmd:keyword>
<gmd:keyword>
<gco:CharacterString>1991</gco:CharacterString>
</gmd:keyword>
<gmd:keyword>
<gco:CharacterString>1993</gco:CharacterString>
</gmd:keyword>
<gmd:keyword>
<gco:CharacterString>1999</gco:CharacterString>
</gmd:keyword>
<gmd:keyword>
<gco:CharacterString>1994</gco:CharacterString>
</gmd:keyword>
<gmd:keyword>
<gco:CharacterString>1990</gco:CharacterString>
</gmd:keyword>
<gmd:type>
<gmd:MD_KeywordTypeCode codeList="http://www.isotc211.org/2005/resources/Codelist/gmxCodelists.xml#MD_KeywordTypeCode" codeListValue="temporal" codeSpace="ISOTC211/19115">temporal</gmd:MD_KeywordTypeCode>
</gmd:type>
</gmd:MD_Keywords>
</gmd:descriptiveKeywords>
<gmd:descriptiveKeywords>
<gmd:MD_Keywords>
<gmd:keyword>
<gco:CharacterString>1996</gco:CharacterString>
</gmd:keyword>
<gmd:keyword>
<gco:CharacterString>1989</gco:CharacterString>
</gmd:keyword>
<gmd:keyword>
<gco:CharacterString>1992</gco:CharacterString>
</gmd:keyword>
<gmd:keyword>
<gco:CharacterString>2000</gco:CharacterString>
</gmd:keyword>
<gmd:keyword>
<gco:CharacterString>1995</gco:CharacterString>
</gmd:keyword>
<gmd:keyword>
<gco:CharacterString>1988</gco:CharacterString>
</gmd:keyword>
<gmd:keyword>
<gco:CharacterString>1987</gco:CharacterString>
</gmd:keyword>
<gmd:keyword>
<gco:CharacterString>1986</gco:CharacterString>
</gmd:keyword>
<gmd:keyword>
<gco:CharacterString>1997</gco:CharacterString>
</gmd:keyword>
<gmd:keyword>
<gco:CharacterString>1998</gco:CharacterString>
</gmd:keyword>
<gmd:keyword>
<gco:CharacterString>1991</gco:CharacterString>
</gmd:keyword>
<gmd:keyword>
<gco:CharacterString>1993</gco:CharacterString>
</gmd:keyword>
<gmd:keyword>
<gco:CharacterString>1999</gco:CharacterString>
</gmd:keyword>
<gmd:keyword>
<gco:CharacterString>1994</gco:CharacterString>
</gmd:keyword>
<gmd:keyword>
<gco:CharacterString>1990</gco:CharacterString>
</gmd:keyword>
<gmd:type>
<gmd:MD_KeywordTypeCode codeList="http://www.isotc211.org/2005/resources/Codelist/gmxCodelists.xml#MD_KeywordTypeCode" codeListValue="temporal" codeSpace="ISOTC211/19115">temporal</gmd:MD_KeywordTypeCode>
</gmd:type>
</gmd:MD_Keywords>
</gmd:descriptiveKeywords>
<gmd:descriptiveKeywords>
<gmd:MD_Keywords>
<gmd:keyword>
<gco:CharacterString>1996</gco:CharacterString>
</gmd:keyword>
<gmd:keyword>
<gco:CharacterString>1989</gco:CharacterString>
</gmd:keyword>
<gmd:keyword>
<gco:CharacterString>1992</gco:CharacterString>
</gmd:keyword>
<gmd:keyword>
<gco:CharacterString>2000</gco:CharacterString>
</gmd:keyword>
<gmd:keyword>
<gco:CharacterString>1995</gco:CharacterString>
</gmd:keyword>
<gmd:keyword>
<gco:CharacterString>1988</gco:CharacterString>
</gmd:keyword>
<gmd:keyword>
<gco:CharacterString>1987</gco:CharacterString>
</gmd:keyword>
<gmd:keyword>
<gco:CharacterString>1986</gco:CharacterString>
</gmd:keyword>
<gmd:keyword>
<gco:CharacterString>1997</gco:CharacterString>
</gmd:keyword>
<gmd:keyword>
<gco:CharacterString>1998</gco:CharacterString>
</gmd:keyword>
<gmd:keyword>
<gco:CharacterString>1991</gco:CharacterString>
</gmd:keyword>
<gmd:keyword>
<gco:CharacterString>1993</gco:CharacterString>
</gmd:keyword>
<gmd:keyword>
<gco:CharacterString>1999</gco:CharacterString>
</gmd:keyword>
<gmd:keyword>
<gco:CharacterString>1994</gco:CharacterString>
</gmd:keyword>
<gmd:keyword>
<gco:CharacterString>1990</gco:CharacterString>
</gmd:keyword>
<gmd:type>
<gmd:MD_KeywordTypeCode codeList="http://www.isotc211.org/2005/resources/Codelist/gmxCodelists.xml#MD_KeywordTypeCode" codeListValue="temporal" codeSpace="ISOTC211/19115">temporal</gmd:MD_KeywordTypeCode>
</gmd:type>
</gmd:MD_Keywords>
</gmd:descriptiveKeywords>
<gmd:descriptiveKeywords>
<gmd:MD_Keywords>
<gmd:keyword>
<gco:CharacterString>public health</gco:CharacterString>
</gmd:keyword>
<gmd:keyword>
<gco:CharacterString>medical</gco:CharacterString>
</gmd:keyword>
<gmd:keyword>
<gco:CharacterString>alcohol</gco:CharacterString>
</gmd:keyword>
<gmd:keyword>
<gco:CharacterString>Vital Statistics</gco:CharacterString>
</gmd:keyword>
<gmd:keyword>
<gco:CharacterString>accidents</gco:CharacterString>
</gmd:keyword>
<gmd:type>
<gmd:MD_KeywordTypeCode codeList="http://www.isotc211.org/2005/resources/Codelist/gmxCodelists.xml#MD_KeywordTypeCode" codeListValue="theme" codeSpace="ISOTC211/19115">theme</gmd:MD_KeywordTypeCode>
</gmd:type>
</gmd:MD_Keywords>
</gmd:descriptiveKeywords>
<gmd:descriptiveKeywords>
<gmd:MD_Keywords>
<gmd:keyword>
<gco:CharacterString>public health</gco:CharacterString>
</gmd:keyword>
<gmd:keyword>
<gco:CharacterString>medical</gco:CharacterString>
</gmd:keyword>
<gmd:keyword>
<gco:CharacterString>alcohol</gco:CharacterString>
</gmd:keyword>
<gmd:keyword>
<gco:CharacterString>Vital Statistics</gco:CharacterString>
</gmd:keyword>
<gmd:keyword>
<gco:CharacterString>accidents</gco:CharacterString>
</gmd:keyword>
<gmd:type>
<gmd:MD_KeywordTypeCode codeList="http://www.isotc211.org/2005/resources/Codelist/gmxCodelists.xml#MD_KeywordTypeCode" codeListValue="theme" codeSpace="ISOTC211/19115">theme</gmd:MD_KeywordTypeCode>
</gmd:type>
</gmd:MD_Keywords>
</gmd:descriptiveKeywords>
<gmd:descriptiveKeywords>
<gmd:MD_Keywords>
<gmd:keyword>
<gco:CharacterString>public health</gco:CharacterString>
</gmd:keyword>
<gmd:keyword>
<gco:CharacterString>medical</gco:CharacterString>
</gmd:keyword>
<gmd:keyword>
<gco:CharacterString>alcohol</gco:CharacterString>
</gmd:keyword>
<gmd:keyword>
<gco:CharacterString>Vital Statistics</gco:CharacterString>
</gmd:keyword>
<gmd:keyword>
<gco:CharacterString>accidents</gco:CharacterString>
</gmd:keyword>
<gmd:type>
<gmd:MD_KeywordTypeCode codeList="http://www.isotc211.org/2005/resources/Codelist/gmxCodelists.xml#MD_KeywordTypeCode" codeListValue="theme" codeSpace="ISOTC211/19115">theme</gmd:MD_KeywordTypeCode>
</gmd:type>
</gmd:MD_Keywords>
</gmd:descriptiveKeywords>
<gmd:descriptiveKeywords>
<gmd:MD_Keywords>
<gmd:keyword>
<gco:CharacterString>public health</gco:CharacterString>
</gmd:keyword>
<gmd:keyword>
<gco:CharacterString>medical</gco:CharacterString>
</gmd:keyword>
<gmd:keyword>
<gco:CharacterString>alcohol</gco:CharacterString>
</gmd:keyword>
<gmd:keyword>
<gco:CharacterString>Vital Statistics</gco:CharacterString>
</gmd:keyword>
<gmd:keyword>
<gco:CharacterString>accidents</gco:CharacterString>
</gmd:keyword>
<gmd:type>
<gmd:MD_KeywordTypeCode codeList="http://www.isotc211.org/2005/resources/Codelist/gmxCodelists.xml#MD_KeywordTypeCode" codeListValue="theme" codeSpace="ISOTC211/19115">theme</gmd:MD_KeywordTypeCode>
</gmd:type>
</gmd:MD_Keywords>
</gmd:descriptiveKeywords>
<gmd:descriptiveKeywords>
<gmd:MD_Keywords>
<gmd:keyword>
<gco:CharacterString>public health</gco:CharacterString>
</gmd:keyword>
<gmd:keyword>
<gco:CharacterString>medical</gco:CharacterString>
</gmd:keyword>
<gmd:keyword>
<gco:CharacterString>alcohol</gco:CharacterString>
</gmd:keyword>
<gmd:keyword>
<gco:CharacterString>Vital Statistics</gco:CharacterString>
</gmd:keyword>
<gmd:keyword>
<gco:CharacterString>accidents</gco:CharacterString>
</gmd:keyword>
<gmd:type>
<gmd:MD_KeywordTypeCode codeList="http://www.isotc211.org/2005/resources/Codelist/gmxCodelists.xml#MD_KeywordTypeCode" codeListValue="theme" codeSpace="ISOTC211/19115">theme</gmd:MD_KeywordTypeCode>
</gmd:type>
</gmd:MD_Keywords>
</gmd:descriptiveKeywords>
<gmd:descriptiveKeywords>
<gmd:MD_Keywords>
<gmd:keyword>
<gco:CharacterString>health</gco:CharacterString>
</gmd:keyword>
<gmd:type>
<gmd:MD_KeywordTypeCode codeList="http://www.isotc211.org/2005/resources/Codelist/gmxCodelists.xml#MD_KeywordTypeCode" codeListValue="theme" codeSpace="ISOTC211/19115">theme</gmd:MD_KeywordTypeCode>
</gmd:type>
<gmd:thesaurusName>
<gmd:CI_Citation>
<gmd:title>
<gco:CharacterString>ISO 19115 Topic Category</gco:CharacterString>
</gmd:title>
<gmd:date gco:nilReason="missing"/>
<gmd:citedResponsibleParty gco:nilReason="missing"/>
</gmd:CI_Citation>
</gmd:thesaurusName>
</gmd:MD_Keywords>
</gmd:descriptiveKeywords>
<gmd:resourceConstraints>
<gmd:MD_Constraints>
<gmd:useLimitation>
<gco:CharacterString>VCGI and the State of VT make no representations of any kind, including but not limited to the warranties of merchantability or fitness for a particular use, nor are any such warranties to be implied with respect to the data, service, or application.</gco:CharacterString>
</gmd:useLimitation>
</gmd:MD_Constraints>
</gmd:resourceConstraints>
<gmd:resourceConstraints>
<gmd:MD_LegalConstraints>
<gmd:useLimitation>
<gco:CharacterString>VCGI and the State of Vermont make no representations of any kind, including but not limited to the warranties of merchantability or fitness for a particular use, nor are any such warranties to be implied with respect to the data.</gco:CharacterString>
</gmd:useLimitation>
<gmd:otherConstraints>
<gco:CharacterString>VCGI and the State of Vermont make no representations of any kind including, but not limited to the warranties of merchantability or fitness for a particular use, nor are any such warranties to be implied with respect to the data.</gco:CharacterString>
</gmd:otherConstraints>
</gmd:MD_LegalConstraints>
</gmd:resourceConstraints>
<gmd:resourceConstraints>
<gmd:MD_SecurityConstraints>
<gmd:classification>
<gmd:MD_ClassificationCode codeList="http://www.isotc211.org/2005/resources/Codelist/gmxCodelists.xml#MD_ClassificationCode" codeListValue="unclassified" codeSpace="ISOTC211/19115">unclassified</gmd:MD_ClassificationCode>
</gmd:classification>
<gmd:classificationSystem>
<gco:CharacterString>None</gco:CharacterString>
</gmd:classificationSystem>
<gmd:handlingDescription>
<gco:CharacterString>No security considerations.</gco:CharacterString>
</gmd:handlingDescription>
</gmd:MD_SecurityConstraints>
</gmd:resourceConstraints>
<gmd:spatialRepresentationType>
<gmd:MD_SpatialRepresentationTypeCode codeList="http://www.isotc211.org/2005/resources/Codelist/gmxCodelists.xml#MD_SpatialRepresentationTypeCode" codeListValue="vector" codeSpace="ISOTC211/19115">vector</gmd:MD_SpatialRepresentationTypeCode>
</gmd:spatialRepresentationType>
<gmd:language>
<gmd:LanguageCode codeList="http://www.loc.gov/standards/iso639-2/php/code_list.php" codeListValue="eng" codeSpace="ISO639-2">eng</gmd:LanguageCode>
</gmd:language>
<gmd:characterSet>
<gmd:MD_CharacterSetCode codeList="http://www.isotc211.org/2005/resources/Codelist/gmxCodelists.xml#MD_CharacterSetCode" codeListValue="utf8" codeSpace="ISOTC211/19115">utf8</gmd:MD_CharacterSetCode>
</gmd:characterSet>
<gmd:topicCategory>
<gmd:MD_TopicCategoryCode>health</gmd:MD_TopicCategoryCode>
</gmd:topicCategory>
<gmd:environmentDescription>
<gco:CharacterString>Arc/Info</gco:CharacterString>
</gmd:environmentDescription>
<gmd:extent>
<gmd:EX_Extent>
<gmd:geographicElement>
<gmd:EX_GeographicBoundingBox>
<gmd:westBoundLongitude>
<gco:Decimal>-73.454162</gco:Decimal>
</gmd:westBoundLongitude>
<gmd:eastBoundLongitude>
<gco:Decimal>-71.465281</gco:Decimal>
</gmd:eastBoundLongitude>
<gmd:southBoundLatitude>
<gco:Decimal>42.722789</gco:Decimal>
</gmd:southBoundLatitude>
<gmd:northBoundLatitude>
<gco:Decimal>45.018361</gco:Decimal>
</gmd:northBoundLatitude>
</gmd:EX_GeographicBoundingBox>
</gmd:geographicElement>
</gmd:EX_Extent>
</gmd:extent>
<gmd:extent>
<gmd:EX_Extent>
<gmd:description>
<gco:CharacterString>Publication Date</gco:CharacterString>
</gmd:description>
<gmd:temporalElement>
<gmd:EX_TemporalExtent>
<gmd:extent>
<gml:TimePeriod gml:id="N65801">
<gml:beginPosition>1986-00-00</gml:beginPosition>
<gml:endPosition>2000-00-00</gml:endPosition>
</gml:TimePeriod>
</gmd:extent>
</gmd:EX_TemporalExtent>
</gmd:temporalElement>
</gmd:EX_Extent>
</gmd:extent>
<gmd:supplementalInformation>
<gco:CharacterString>These data files are provided for interested users who want to pursue additional analyses of collected Vermont Health data. Any such use of these data is the responsibility of the user, and not of VCGI, the Vermont Agency of Human Services, or any other entities listed herein.</gco:CharacterString>
</gmd:supplementalInformation>
</gmd:MD_DataIdentification>
</gmd:identificationInfo>
<gmd:distributionInfo>
<gmd:MD_Distribution>
<gmd:distributionFormat>
<gmd:MD_Format>
<gmd:name>
<gco:CharacterString>SHP</gco:CharacterString>
</gmd:name>
<gmd:version gco:nilReason="missing"/>
<gmd:specification>
<gco:CharacterString>ESRI Shapefile format (compressed to ZIP format)</gco:CharacterString>
</gmd:specification>
<gmd:fileDecompressionTechnique>
<gco:CharacterString>ZIP decompression software</gco:CharacterString>
</gmd:fileDecompressionTechnique>
</gmd:MD_Format>
</gmd:distributionFormat>
<gmd:distributor>
<gmd:MD_Distributor>
<gmd:distributorContact>
<gmd:CI_ResponsibleParty>
<gmd:organisationName>
<gco:CharacterString>VT Center for Geographic Information</gco:CharacterString>
</gmd:organisationName>
<gmd:contactInfo>
<gmd:CI_Contact>
<gmd:phone>
<gmd:CI_Telephone>
<gmd:voice>
<gco:CharacterString>802/882-3002</gco:CharacterString>
</gmd:voice>
<gmd:voice>
<gco:CharacterString>None</gco:CharacterString>
</gmd:voice>
<gmd:facsimile>
<gco:CharacterString>802/828-3383</gco:CharacterString>
</gmd:facsimile>
</gmd:CI_Telephone>
</gmd:phone>
<gmd:address>
<gmd:CI_Address>
<gmd:deliveryPoint>
<gco:CharacterString>1 National Life Dr., Davis Building, 6th Floor</gco:CharacterString>
</gmd:deliveryPoint>
<gmd:city>
<gco:CharacterString>Montpelier</gco:CharacterString>
</gmd:city>
<gmd:administrativeArea>
<gco:CharacterString>VT</gco:CharacterString>
</gmd:administrativeArea>
<gmd:postalCode>
<gco:CharacterString>05620-0501</gco:CharacterString>
</gmd:postalCode>
<gmd:country>
<gco:CharacterString>US</gco:CharacterString>
</gmd:country>
<gmd:electronicMailAddress>
<gco:CharacterString>accd.vcgiinfo@vermont.gov</gco:CharacterString>
</gmd:electronicMailAddress>
</gmd:CI_Address>
</gmd:address>
<gmd:hoursOfService>
<gco:CharacterString>9am - 5pm, M-F</gco:CharacterString>
</gmd:hoursOfService>
</gmd:CI_Contact>
</gmd:contactInfo>
<gmd:role>
<gmd:CI_RoleCode codeList="http://www.isotc211.org/2005/resources/Codelist/gmxCodelists.xml#CI_RoleCode" codeListValue="distributor" codeSpace="ISOTC211/19115">distributor</gmd:CI_RoleCode>
</gmd:role>
</gmd:CI_ResponsibleParty>
</gmd:distributorContact>
<gmd:distributionOrderProcess>
<gmd:MD_StandardOrderProcess>
<gmd:fees>
<gco:CharacterString>No charge when downloading from the internet, and when no custom processing is required.</gco:CharacterString>
</gmd:fees>
<plannedAvailableDateTime>
<gco:DateTime>2000-10-23T00:00:00</gco:DateTime>
</plannedAvailableDateTime>
<gmd:orderingInstructions>
<gco:CharacterString>Send an email describing data request to accd.vcgiinfo@vermont.gov</gco:CharacterString>
</gmd:orderingInstructions>
<gmd:turnaround>
<gco:CharacterString>About 5 days.</gco:CharacterString>
</gmd:turnaround>
</gmd:MD_StandardOrderProcess>
</gmd:distributionOrderProcess>
</gmd:MD_Distributor>
</gmd:distributor>
<gmd:transferOptions>
<gmd:MD_DigitalTransferOptions>
<gmd:onLine>
<gmd:CI_OnlineResource>
<gmd:linkage>
<gmd:URL>http://maps.vcgi.vermont.gov/gisdata/vcgi/packaged_zips/HealthStats_CNTYHEAL2.zip</gmd:URL>
</gmd:linkage>
<gmd:protocol gco:nilReason="missing"/>
<gmd:name>
<gco:CharacterString>Download Pre-packaged Data</gco:CharacterString>
</gmd:name>
<gmd:function>
<gmd:CI_OnLineFunctionCode codeList="http://www.isotc211.org/2005/resources/Codelist/gmxCodelists.xml#CI_OnLineFunctionCode" codeListValue="download" codeSpace="ISOTC211/19115">download</gmd:CI_OnLineFunctionCode>
</gmd:function>
</gmd:CI_OnlineResource>
</gmd:onLine>
</gmd:MD_DigitalTransferOptions>
</gmd:transferOptions>
<gmd:transferOptions>
<gmd:MD_DigitalTransferOptions>
<gmd:onLine>
<gmd:CI_OnlineResource>
<gmd:linkage>
<gmd:URL>http://maps.vcgi.vermont.gov/gisdata/vcgi/packaged_zips/HealthStats_CNTYHEAL2.zip</gmd:URL>
</gmd:linkage>
<gmd:protocol gco:nilReason="missing"/>
<gmd:description>
<gco:CharacterString>Download from web site.</gco:CharacterString>
</gmd:description>
</gmd:CI_OnlineResource>
</gmd:onLine>
</gmd:MD_DigitalTransferOptions>
</gmd:transferOptions>
<gmd:transferOptions>
<gmd:MD_DigitalTransferOptions>
<gmd:offLine>
<gmd:MD_Medium>
<gmd:name>
<gmd:MD_MediumNameCode codeList="http://www.fgdc.gov/nap/metadata/register/codelists.html#napMD_MediumNameCode" codeListValue="USBFlashDrive" codeSpace="ISOTC211/19139/NAP">USBFlashDrive</gmd:MD_MediumNameCode>
</gmd:name>
</gmd:MD_Medium>
</gmd:offLine>
</gmd:MD_DigitalTransferOptions>
</gmd:transferOptions>
<gmd:transferOptions>
<gmd:MD_DigitalTransferOptions/>
</gmd:transferOptions>
</gmd:MD_Distribution>
</gmd:distributionInfo>
<gmd:dataQualityInfo>
<gmd:DQ_DataQuality>
<gmd:scope>
<gmd:DQ_Scope>
<gmd:level>
<gmd:MD_ScopeCode codeList="http://www.isotc211.org/2005/resources/Codelist/gmxCodelists.xml#MD_ScopeCode" codeListValue="dataset" codeSpace="ISOTC211/19115">dataset</gmd:MD_ScopeCode>
</gmd:level>
</gmd:DQ_Scope>
</gmd:scope>
<gmd:report>
<gmd:DQ_ConceptualConsistency>
<gmd:measureDescription>
<gco:CharacterString>The line accuracy of this coverage is questionable due to its uncertain history and modifications. The county boundaries are very approximate and do not line up well with the DLG water features at RF 100,000 scale. Errors of up to 200 meters are common, and errors greater than 300 meters have been observed.</gco:CharacterString>
</gmd:measureDescription>
<gmd:result gco:nilReason="missing"/>
</gmd:DQ_ConceptualConsistency>
</gmd:report>
<gmd:report>
<gmd:DQ_CompletenessOmission>
<gmd:measureDescription>
<gco:CharacterString>No systematic quality control has been done to this datalayer. The actual map date is Pre-1980.</gco:CharacterString>
</gmd:measureDescription>
<gmd:result gco:nilReason="missing"/>
</gmd:DQ_CompletenessOmission>
</gmd:report>
<gmd:report>
<gmd:DQ_QuantitativeAttributeAccuracy>
<gmd:measureDescription>
<gco:CharacterString>There are no known N/A values within this database.</gco:CharacterString>
</gmd:measureDescription>
<gmd:evaluationMethodDescription>
<gco:CharacterString>Fuzzy Tolerance</gco:CharacterString>
</gmd:evaluationMethodDescription>
<gmd:result>
<gmd:DQ_QuantitativeResult>
<gmd:valueUnit gco:nilReason="missing"/>
<gmd:value>
<gco:Record>12.7 map units</gco:Record>
</gmd:value>
</gmd:DQ_QuantitativeResult>
</gmd:result>
</gmd:DQ_QuantitativeAttributeAccuracy>
</gmd:report>
<gmd:report>
<gmd:DQ_AbsoluteExternalPositionalAccuracy>
<gmd:measureDescription>
<gco:CharacterString>Boundary positional errors of up to 200 meters are common, while errors greater than 300 meters have been observed within this datalayer.</gco:CharacterString>
</gmd:measureDescription>
<gmd:evaluationMethodDescription>
<gco:CharacterString>Error possibility of boundary</gco:CharacterString>
</gmd:evaluationMethodDescription>
<gmd:result>
<gmd:DQ_QuantitativeResult>
<gmd:valueUnit gco:nilReason="missing"/>
<gmd:value>
<gco:Record>300+ Meters</gco:Record>
</gmd:value>
</gmd:DQ_QuantitativeResult>
</gmd:result>
</gmd:DQ_AbsoluteExternalPositionalAccuracy>
</gmd:report>
<gmd:lineage>
<gmd:LI_Lineage>
<gmd:processStep>
<gmd:LI_ProcessStep>
<gmd:description>
<gco:CharacterString>Linework was derived from coverage BoundaryTown_TB250 (USGS DLGs at RF 100,000 scale DLG-based data).</gco:CharacterString>
</gmd:description>
<dateTime>
<gco:DateTime>1991-06-01T00:00:00</gco:DateTime>
</dateTime>
</gmd:LI_ProcessStep>
</gmd:processStep>
<gmd:processStep>
<gmd:LI_ProcessStep>
<gmd:description>
<gco:CharacterString>Added Health Dept. data attributes to BoundaryCounty_CNTY250 (Acquired from CDAE). Added additional Health items to the feature attribute table. Made datalayer available for distribution - Daryl Benoit, VCGI, 25 July 2000</gco:CharacterString>
</gmd:description>
<dateTime>
<gco:DateTime>2000-07-25T00:00:00</gco:DateTime>
</dateTime>
</gmd:LI_ProcessStep>
</gmd:processStep>
<gmd:processStep>
<gmd:LI_ProcessStep>
<gmd:description>
<gco:CharacterString>Updated annually reported Health statistics (AHS Community Profiles) to database. - Daryl Benoit, VCGI, 10 Jul 2001</gco:CharacterString>
</gmd:description>
<dateTime>
<gco:DateTime>2001-07-10T00:00:00</gco:DateTime>
</dateTime>
</gmd:LI_ProcessStep>
</gmd:processStep>
<gmd:processStep>
<gmd:LI_ProcessStep>
<gmd:description>
<gco:CharacterString>Updated annually reported Health statistics (AHS Community Profiles) to database. - Daryl Benoit, VCGI, 10 Jul 2001</gco:CharacterString>
</gmd:description>
<dateTime>
<gco:DateTime>2002-08-09T00:00:00</gco:DateTime>
</dateTime>
</gmd:LI_ProcessStep>
</gmd:processStep>
<gmd:source>
<gmd:LI_Source>
<gmd:description>
<gco:CharacterString>USGS DLGs at RF 100,000 scale. BoundaryTown_TB250 coverage was used to derive this particular datalayer</gco:CharacterString>
</gmd:description>
<gmd:sourceCitation>
<gmd:CI_Citation>
<gmd:title>
<gco:CharacterString>BoundaryCounty_CNTY250</gco:CharacterString>
</gmd:title>
<gmd:date>
<gmd:CI_Date>
<date>
<gco:Date>1991-06-01</gco:Date>
</date>
<gmd:dateType>
<gmd:CI_DateTypeCode codeList="http://www.isotc211.org/2005/resources/Codelist/gmxCodelists.xml#CI_DateTypeCode" codeListValue="publication" codeSpace="ISOTC211/19115">publication</gmd:CI_DateTypeCode>
</gmd:dateType>
</gmd:CI_Date>
</gmd:date>
<gmd:citedResponsibleParty gco:nilReason="missing"/>
</gmd:CI_Citation>
</gmd:sourceCitation>
<gmd:sourceExtent>
<gmd:EX_Extent>
<gmd:description>
<gco:CharacterString>Publication Date</gco:CharacterString>
</gmd:description>
<gmd:temporalElement>
<gmd:EX_TemporalExtent>
<gmd:extent>
<gml:TimeInstant gml:id="N66007">
<gml:timePosition>1980-00-00</gml:timePosition>
</gml:TimeInstant>
</gmd:extent>
</gmd:EX_TemporalExtent>
</gmd:temporalElement>
</gmd:EX_Extent>
</gmd:sourceExtent>
</gmd:LI_Source>
</gmd:source>
</gmd:LI_Lineage>
</gmd:lineage>
</gmd:DQ_DataQuality>
</gmd:dataQualityInfo>
<gmd:metadataConstraints>
<gmd:MD_SecurityConstraints>
<gmd:classification>
<gmd:MD_ClassificationCode codeList="http://www.isotc211.org/2005/resources/Codelist/gmxCodelists.xml#MD_ClassificationCode" codeListValue="unclassified" codeSpace="ISOTC211/19115">unclassified</gmd:MD_ClassificationCode>
</gmd:classification>
<gmd:classificationSystem>
<gco:CharacterString>N/A</gco:CharacterString>
</gmd:classificationSystem>
<gmd:handlingDescription>
<gco:CharacterString>No security considerations</gco:CharacterString>
</gmd:handlingDescription>
</gmd:MD_SecurityConstraints>
</gmd:metadataConstraints>
</gmd:MD_Metadata>
