<?xml version="1.0" encoding="UTF-8"?><gmd:MD_Metadata xmlns:xlink="http://www.w3.org/1999/xlink" xmlns:srv="http://www.isotc211.org/2005/srv" xmlns:gts="http://www.isotc211.org/2005/gts" xmlns:gmd="http://www.isotc211.org/2005/gmd" xmlns:gco="http://www.isotc211.org/2005/gco" xmlns:gml="http://www.opengis.net/gml" xmlns:xsi="http://www.w3.org/2001/XMLSchema-instance">
<gmd:fileIdentifier>
<gco:CharacterString>1477421819599r3563806854987027</gco:CharacterString>
</gmd:fileIdentifier>
<gmd:language>
<gmd:LanguageCode codeList="http://www.loc.gov/standards/iso639-2/php/code_list.php" codeListValue="eng" codeSpace="ISO639-2">eng</gmd:LanguageCode>
</gmd:language>
<gmd:characterSet>
<gmd:MD_CharacterSetCode codeList="http://www.isotc211.org/2005/resources/Codelist/gmxCodelists.xml#MD_CharacterSetCode" codeListValue="utf8" codeSpace="ISOTC211/19115">utf8</gmd:MD_CharacterSetCode>
</gmd:characterSet>
<gmd:hierarchyLevel>
<gmd:MD_ScopeCode codeList="http://www.isotc211.org/2005/resources/Codelist/gmxCodelists.xml#MD_ScopeCode" codeListValue="dataset" codeSpace="ISOTC211/19115">dataset</gmd:MD_ScopeCode>
</gmd:hierarchyLevel>
<gmd:contact>
<gmd:CI_ResponsibleParty>
<gmd:individualName>
<gco:CharacterString>GIS Database Administrator</gco:CharacterString>
</gmd:individualName>
<gmd:organisationName>
<gco:CharacterString>VT Center for Geographic Information</gco:CharacterString>
</gmd:organisationName>
<gmd:contactInfo>
<gmd:CI_Contact>
<gmd:phone>
<gmd:CI_Telephone>
<gmd:voice>
<gco:CharacterString>802/882-3002</gco:CharacterString>
</gmd:voice>
<gmd:voice>
<gco:CharacterString>None</gco:CharacterString>
</gmd:voice>
<gmd:facsimile>
<gco:CharacterString>802/828-3383</gco:CharacterString>
</gmd:facsimile>
</gmd:CI_Telephone>
</gmd:phone>
<gmd:address>
<gmd:CI_Address>
<gmd:deliveryPoint>
<gco:CharacterString>1 National Life Dr., Davis Building, 6th Floor</gco:CharacterString>
</gmd:deliveryPoint>
<gmd:city>
<gco:CharacterString>Montpelier</gco:CharacterString>
</gmd:city>
<gmd:administrativeArea>
<gco:CharacterString>VT</gco:CharacterString>
</gmd:administrativeArea>
<gmd:postalCode>
<gco:CharacterString>05620-0501</gco:CharacterString>
</gmd:postalCode>
<gmd:country>
<gco:CharacterString>US</gco:CharacterString>
</gmd:country>
</gmd:CI_Address>
</gmd:address>
</gmd:CI_Contact>
</gmd:contactInfo>
<gmd:role>
<gmd:CI_RoleCode codeList="http://www.isotc211.org/2005/resources/Codelist/gmxCodelists.xml#CI_RoleCode" codeListValue="pointOfContact" codeSpace="ISOTC211/19115">pointOfContact</gmd:CI_RoleCode>
</gmd:role>
</gmd:CI_ResponsibleParty>
</gmd:contact>
<dateStamp>
<gco:Date>1994-06-08</gco:Date>
</dateStamp>
<gmd:metadataStandardName>
<gco:CharacterString>NAP - Metadata</gco:CharacterString>
</gmd:metadataStandardName>
<gmd:metadataStandardVersion>
<gco:CharacterString>1.2</gco:CharacterString>
</gmd:metadataStandardVersion>
<gmd:spatialRepresentationInfo>
<gmd:MD_VectorSpatialRepresentation>
<gmd:geometricObjects>
<gmd:MD_GeometricObjects>
<gmd:geometricObjectType>
<gmd:MD_GeometricObjectTypeCode codeList="http://www.isotc211.org/2005/resources/Codelist/gmxCodelists.xml#MD_GeometricObjectTypeCode" codeListValue="complex" codeSpace="ISOTC211/19115">complex</gmd:MD_GeometricObjectTypeCode>
</gmd:geometricObjectType>
<gmd:geometricObjectCount>
<gco:Integer>14</gco:Integer>
</gmd:geometricObjectCount>
</gmd:MD_GeometricObjects>
</gmd:geometricObjects>
</gmd:MD_VectorSpatialRepresentation>
</gmd:spatialRepresentationInfo>
<gmd:referenceSystemInfo>
<gmd:MD_ReferenceSystem>
<gmd:referenceSystemIdentifier>
<gmd:RS_Identifier>
<gmd:code>
<gco:CharacterString>32145</gco:CharacterString>
</gmd:code>
<gmd:codeSpace>
<gco:CharacterString>EPSG</gco:CharacterString>
</gmd:codeSpace>
</gmd:RS_Identifier>
</gmd:referenceSystemIdentifier>
</gmd:MD_ReferenceSystem>
</gmd:referenceSystemInfo>
<gmd:identificationInfo>
<gmd:MD_DataIdentification>
<gmd:citation>
<gmd:CI_Citation>
<gmd:title>
<gco:CharacterString>EcologicStats_CNTYFRST</gco:CharacterString>
</gmd:title>
<gmd:date>
<gmd:CI_Date>
<date>
<gco:Date>2000-05-17</gco:Date>
</date>
<gmd:dateType>
<gmd:CI_DateTypeCode codeList="http://www.isotc211.org/2005/resources/Codelist/gmxCodelists.xml#CI_DateTypeCode" codeListValue="publication" codeSpace="ISOTC211/19115">publication</gmd:CI_DateTypeCode>
</gmd:dateType>
</gmd:CI_Date>
</gmd:date>
<gmd:edition>
<gco:CharacterString>2000</gco:CharacterString>
</gmd:edition>
<gmd:citedResponsibleParty>
<gmd:CI_ResponsibleParty>
<gmd:organisationName>
<gco:CharacterString>USDA Forest Service, VT Dept of Forest, Parks &amp; Recreation, VCGI(comp.)</gco:CharacterString>
</gmd:organisationName>
<gmd:contactInfo gco:nilReason="missing"/>
<gmd:role>
<gmd:CI_RoleCode codeList="http://www.isotc211.org/2005/resources/Codelist/gmxCodelists.xml#CI_RoleCode" codeListValue="originator" codeSpace="ISOTC211/19115">originator</gmd:CI_RoleCode>
</gmd:role>
</gmd:CI_ResponsibleParty>
</gmd:citedResponsibleParty>
<gmd:citedResponsibleParty>
<gmd:CI_ResponsibleParty>
<gmd:organisationName>
<gco:CharacterString>VCGI</gco:CharacterString>
</gmd:organisationName>
<gmd:contactInfo>
<gmd:CI_Contact>
<gmd:address>
<gmd:CI_Address>
<gmd:deliveryPoint>
<gco:CharacterString>Burlington, Vermont</gco:CharacterString>
</gmd:deliveryPoint>
</gmd:CI_Address>
</gmd:address>
</gmd:CI_Contact>
</gmd:contactInfo>
<gmd:role>
<gmd:CI_RoleCode codeList="http://www.isotc211.org/2005/resources/Codelist/gmxCodelists.xml#CI_RoleCode" codeListValue="publisher" codeSpace="ISOTC211/19115">publisher</gmd:CI_RoleCode>
</gmd:role>
</gmd:CI_ResponsibleParty>
</gmd:citedResponsibleParty>
<gmd:presentationForm>
<gmd:CI_PresentationFormCode codeList="http://www.isotc211.org/2005/resources/Codelist/gmxCodelists.xml#CI_PresentationFormCode" codeListValue="mapDigital" codeSpace="ISOTC211/19115">mapDigital</gmd:CI_PresentationFormCode>
</gmd:presentationForm>
<gmd:series>
<gmd:CI_Series>
<gmd:name>
<gco:CharacterString>Vermont County Forest Data, 1966-1997</gco:CharacterString>
</gmd:name>
<gmd:issueIdentification>
<gco:CharacterString>1.0</gco:CharacterString>
</gmd:issueIdentification>
</gmd:CI_Series>
</gmd:series>
<gmd:otherCitationDetails>
<gco:CharacterString>Tile Structure - STATE</gco:CharacterString>
</gmd:otherCitationDetails>
</gmd:CI_Citation>
</gmd:citation>
<gmd:abstract>
<gco:CharacterString>(Link to Metadata) This datalayer contains Vermont forestry estimate data, by county, primarily obtained from the Vermont Forest Inventory and Analysis (FIA), conducted in the years; 1966, 1973, 1983, and 1997 by the USDA Forest Service. Inventory items for Grand Isle and Franklin Counties have been combined. See the 'Attribute Accuracy Report' for reasons. Also included within this database are land-use change figures, reflective of the time periods; 1970s-1980s, 1980s-1990s, and the 1970s-1990s. This data has been made available by the Orton Family Foundation and the UVM School of Natural Resources, Spatial Analysis Lab. One may download Excel spreadsheets or comma-delimited ASCII textfiles of this data from the VGIS indicators webpage - http://vcgi.vermont.gov/indicators/</gco:CharacterString>
</gmd:abstract>
<gmd:purpose>
<gco:CharacterString>County-level forest data describing changes in forestry activity (1966-1997) extracted from the USDA Forest Service Vermont Forest Inventory, contained within topological county boundaries, derived from the coverage BoundaryTown_TB250 (RF 250,000 scale). The forestry attribute data includes; Total Forestland, Total Timberland, Timber Harvests, Growing Stock Volumes, etc. Any suggestions regarding other data which should be included in this dataset should be submitted to VCGI.</gco:CharacterString>
</gmd:purpose>
<gmd:credit>
<gco:CharacterString>- Robert De Geus, ANR, Department of Forest, Parks &amp; Recreation, 2000 - Daryl Benoit, Project Manager, VCGI, 2000 LAND USE CHANGE DATA REFERENCE - Maresca, M., D. Williams, and D. Capen. 2000. Land-use conversion in Vermont; 1970s - 1990s; models of change in forest, non-forest, and developed lands. School of Natural Resources, Spatial Analysis Laboratory, University of Vermont, Burlington, VT 05405</gco:CharacterString>
</gmd:credit>
<gmd:status>
<gmd:MD_ProgressCode codeList="http://www.isotc211.org/2005/resources/Codelist/gmxCodelists.xml#MD_ProgressCode" codeListValue="planned" codeSpace="ISOTC211/19115">planned</gmd:MD_ProgressCode>
</gmd:status>
<gmd:pointOfContact>
<gmd:CI_ResponsibleParty>
<gmd:organisationName>
<gco:CharacterString>VT Center for Geographic Information</gco:CharacterString>
</gmd:organisationName>
<gmd:contactInfo>
<gmd:CI_Contact>
<gmd:phone>
<gmd:CI_Telephone>
<gmd:voice>
<gco:CharacterString>802/882-3002</gco:CharacterString>
</gmd:voice>
<gmd:voice>
<gco:CharacterString>None</gco:CharacterString>
</gmd:voice>
<gmd:facsimile>
<gco:CharacterString>802/828-3383</gco:CharacterString>
</gmd:facsimile>
</gmd:CI_Telephone>
</gmd:phone>
<gmd:address>
<gmd:CI_Address>
<gmd:deliveryPoint>
<gco:CharacterString>1 National Life Dr., Davis Building, 6th Floor</gco:CharacterString>
</gmd:deliveryPoint>
<gmd:city>
<gco:CharacterString>Montpelier</gco:CharacterString>
</gmd:city>
<gmd:administrativeArea>
<gco:CharacterString>VT</gco:CharacterString>
</gmd:administrativeArea>
<gmd:postalCode>
<gco:CharacterString>05620-0501</gco:CharacterString>
</gmd:postalCode>
<gmd:country>
<gco:CharacterString>US</gco:CharacterString>
</gmd:country>
<gmd:electronicMailAddress>
<gco:CharacterString>accd.vcgiinfo@vermont.gov</gco:CharacterString>
</gmd:electronicMailAddress>
</gmd:CI_Address>
</gmd:address>
<gmd:hoursOfService>
<gco:CharacterString>9am - 5pm, M-F</gco:CharacterString>
</gmd:hoursOfService>
</gmd:CI_Contact>
</gmd:contactInfo>
<gmd:role>
<gmd:CI_RoleCode codeList="http://www.isotc211.org/2005/resources/Codelist/gmxCodelists.xml#CI_RoleCode" codeListValue="pointOfContact" codeSpace="ISOTC211/19115">pointOfContact</gmd:CI_RoleCode>
</gmd:role>
</gmd:CI_ResponsibleParty>
</gmd:pointOfContact>
<gmd:resourceMaintenance>
<gmd:MD_MaintenanceInformation>
<gmd:maintenanceAndUpdateFrequency>
<gmd:MD_MaintenanceFrequencyCode codeList="http://www.isotc211.org/2005/resources/Codelist/gmxCodelists.xml#MD_MaintenanceFrequencyCode" codeListValue="asNeeded" codeSpace="ISOTC211/19115">asNeeded</gmd:MD_MaintenanceFrequencyCode>
</gmd:maintenanceAndUpdateFrequency>
</gmd:MD_MaintenanceInformation>
</gmd:resourceMaintenance>
<gmd:descriptiveKeywords>
<gmd:MD_Keywords>
<gmd:keyword>
<gco:CharacterString>Vermont</gco:CharacterString>
</gmd:keyword>
<gmd:type>
<gmd:MD_KeywordTypeCode codeList="http://www.isotc211.org/2005/resources/Codelist/gmxCodelists.xml#MD_KeywordTypeCode" codeListValue="place" codeSpace="ISOTC211/19115">place</gmd:MD_KeywordTypeCode>
</gmd:type>
<gmd:thesaurusName>
<gmd:CI_Citation>
<gmd:title>
<gco:CharacterString>Geographic Names Information System</gco:CharacterString>
</gmd:title>
<gmd:date gco:nilReason="missing"/>
<gmd:citedResponsibleParty gco:nilReason="missing"/>
</gmd:CI_Citation>
</gmd:thesaurusName>
</gmd:MD_Keywords>
</gmd:descriptiveKeywords>
<gmd:descriptiveKeywords>
<gmd:MD_Keywords>
<gmd:keyword>
<gco:CharacterString>1980</gco:CharacterString>
</gmd:keyword>
<gmd:keyword>
<gco:CharacterString>1970</gco:CharacterString>
</gmd:keyword>
<gmd:keyword>
<gco:CharacterString>1966</gco:CharacterString>
</gmd:keyword>
<gmd:keyword>
<gco:CharacterString>1973</gco:CharacterString>
</gmd:keyword>
<gmd:keyword>
<gco:CharacterString>1997</gco:CharacterString>
</gmd:keyword>
<gmd:keyword>
<gco:CharacterString>1983</gco:CharacterString>
</gmd:keyword>
<gmd:keyword>
<gco:CharacterString>1990</gco:CharacterString>
</gmd:keyword>
<gmd:type>
<gmd:MD_KeywordTypeCode codeList="http://www.isotc211.org/2005/resources/Codelist/gmxCodelists.xml#MD_KeywordTypeCode" codeListValue="temporal" codeSpace="ISOTC211/19115">temporal</gmd:MD_KeywordTypeCode>
</gmd:type>
</gmd:MD_Keywords>
</gmd:descriptiveKeywords>
<gmd:descriptiveKeywords>
<gmd:MD_Keywords>
<gmd:keyword>
<gco:CharacterString>1980</gco:CharacterString>
</gmd:keyword>
<gmd:keyword>
<gco:CharacterString>1970</gco:CharacterString>
</gmd:keyword>
<gmd:keyword>
<gco:CharacterString>1966</gco:CharacterString>
</gmd:keyword>
<gmd:keyword>
<gco:CharacterString>1973</gco:CharacterString>
</gmd:keyword>
<gmd:keyword>
<gco:CharacterString>1997</gco:CharacterString>
</gmd:keyword>
<gmd:keyword>
<gco:CharacterString>1983</gco:CharacterString>
</gmd:keyword>
<gmd:keyword>
<gco:CharacterString>1990</gco:CharacterString>
</gmd:keyword>
<gmd:type>
<gmd:MD_KeywordTypeCode codeList="http://www.isotc211.org/2005/resources/Codelist/gmxCodelists.xml#MD_KeywordTypeCode" codeListValue="temporal" codeSpace="ISOTC211/19115">temporal</gmd:MD_KeywordTypeCode>
</gmd:type>
</gmd:MD_Keywords>
</gmd:descriptiveKeywords>
<gmd:descriptiveKeywords>
<gmd:MD_Keywords>
<gmd:keyword>
<gco:CharacterString>1980</gco:CharacterString>
</gmd:keyword>
<gmd:keyword>
<gco:CharacterString>1970</gco:CharacterString>
</gmd:keyword>
<gmd:keyword>
<gco:CharacterString>1966</gco:CharacterString>
</gmd:keyword>
<gmd:keyword>
<gco:CharacterString>1973</gco:CharacterString>
</gmd:keyword>
<gmd:keyword>
<gco:CharacterString>1997</gco:CharacterString>
</gmd:keyword>
<gmd:keyword>
<gco:CharacterString>1983</gco:CharacterString>
</gmd:keyword>
<gmd:keyword>
<gco:CharacterString>1990</gco:CharacterString>
</gmd:keyword>
<gmd:type>
<gmd:MD_KeywordTypeCode codeList="http://www.isotc211.org/2005/resources/Codelist/gmxCodelists.xml#MD_KeywordTypeCode" codeListValue="temporal" codeSpace="ISOTC211/19115">temporal</gmd:MD_KeywordTypeCode>
</gmd:type>
</gmd:MD_Keywords>
</gmd:descriptiveKeywords>
<gmd:descriptiveKeywords>
<gmd:MD_Keywords>
<gmd:keyword>
<gco:CharacterString>1980</gco:CharacterString>
</gmd:keyword>
<gmd:keyword>
<gco:CharacterString>1970</gco:CharacterString>
</gmd:keyword>
<gmd:keyword>
<gco:CharacterString>1966</gco:CharacterString>
</gmd:keyword>
<gmd:keyword>
<gco:CharacterString>1973</gco:CharacterString>
</gmd:keyword>
<gmd:keyword>
<gco:CharacterString>1997</gco:CharacterString>
</gmd:keyword>
<gmd:keyword>
<gco:CharacterString>1983</gco:CharacterString>
</gmd:keyword>
<gmd:keyword>
<gco:CharacterString>1990</gco:CharacterString>
</gmd:keyword>
<gmd:type>
<gmd:MD_KeywordTypeCode codeList="http://www.isotc211.org/2005/resources/Codelist/gmxCodelists.xml#MD_KeywordTypeCode" codeListValue="temporal" codeSpace="ISOTC211/19115">temporal</gmd:MD_KeywordTypeCode>
</gmd:type>
</gmd:MD_Keywords>
</gmd:descriptiveKeywords>
<gmd:descriptiveKeywords>
<gmd:MD_Keywords>
<gmd:keyword>
<gco:CharacterString>1980</gco:CharacterString>
</gmd:keyword>
<gmd:keyword>
<gco:CharacterString>1970</gco:CharacterString>
</gmd:keyword>
<gmd:keyword>
<gco:CharacterString>1966</gco:CharacterString>
</gmd:keyword>
<gmd:keyword>
<gco:CharacterString>1973</gco:CharacterString>
</gmd:keyword>
<gmd:keyword>
<gco:CharacterString>1997</gco:CharacterString>
</gmd:keyword>
<gmd:keyword>
<gco:CharacterString>1983</gco:CharacterString>
</gmd:keyword>
<gmd:keyword>
<gco:CharacterString>1990</gco:CharacterString>
</gmd:keyword>
<gmd:type>
<gmd:MD_KeywordTypeCode codeList="http://www.isotc211.org/2005/resources/Codelist/gmxCodelists.xml#MD_KeywordTypeCode" codeListValue="temporal" codeSpace="ISOTC211/19115">temporal</gmd:MD_KeywordTypeCode>
</gmd:type>
</gmd:MD_Keywords>
</gmd:descriptiveKeywords>
<gmd:descriptiveKeywords>
<gmd:MD_Keywords>
<gmd:keyword>
<gco:CharacterString>1980</gco:CharacterString>
</gmd:keyword>
<gmd:keyword>
<gco:CharacterString>1970</gco:CharacterString>
</gmd:keyword>
<gmd:keyword>
<gco:CharacterString>1966</gco:CharacterString>
</gmd:keyword>
<gmd:keyword>
<gco:CharacterString>1973</gco:CharacterString>
</gmd:keyword>
<gmd:keyword>
<gco:CharacterString>1997</gco:CharacterString>
</gmd:keyword>
<gmd:keyword>
<gco:CharacterString>1983</gco:CharacterString>
</gmd:keyword>
<gmd:keyword>
<gco:CharacterString>1990</gco:CharacterString>
</gmd:keyword>
<gmd:type>
<gmd:MD_KeywordTypeCode codeList="http://www.isotc211.org/2005/resources/Codelist/gmxCodelists.xml#MD_KeywordTypeCode" codeListValue="temporal" codeSpace="ISOTC211/19115">temporal</gmd:MD_KeywordTypeCode>
</gmd:type>
</gmd:MD_Keywords>
</gmd:descriptiveKeywords>
<gmd:descriptiveKeywords>
<gmd:MD_Keywords>
<gmd:keyword>
<gco:CharacterString>1980</gco:CharacterString>
</gmd:keyword>
<gmd:keyword>
<gco:CharacterString>1970</gco:CharacterString>
</gmd:keyword>
<gmd:keyword>
<gco:CharacterString>1966</gco:CharacterString>
</gmd:keyword>
<gmd:keyword>
<gco:CharacterString>1973</gco:CharacterString>
</gmd:keyword>
<gmd:keyword>
<gco:CharacterString>1997</gco:CharacterString>
</gmd:keyword>
<gmd:keyword>
<gco:CharacterString>1983</gco:CharacterString>
</gmd:keyword>
<gmd:keyword>
<gco:CharacterString>1990</gco:CharacterString>
</gmd:keyword>
<gmd:type>
<gmd:MD_KeywordTypeCode codeList="http://www.isotc211.org/2005/resources/Codelist/gmxCodelists.xml#MD_KeywordTypeCode" codeListValue="temporal" codeSpace="ISOTC211/19115">temporal</gmd:MD_KeywordTypeCode>
</gmd:type>
</gmd:MD_Keywords>
</gmd:descriptiveKeywords>
<gmd:descriptiveKeywords>
<gmd:MD_Keywords>
<gmd:keyword>
<gco:CharacterString>land use change</gco:CharacterString>
</gmd:keyword>
<gmd:keyword>
<gco:CharacterString>national forest system</gco:CharacterString>
</gmd:keyword>
<gmd:keyword>
<gco:CharacterString>harvest</gco:CharacterString>
</gmd:keyword>
<gmd:keyword>
<gco:CharacterString>statistics</gco:CharacterString>
</gmd:keyword>
<gmd:keyword>
<gco:CharacterString>natural resources</gco:CharacterString>
</gmd:keyword>
<gmd:keyword>
<gco:CharacterString>forestry</gco:CharacterString>
</gmd:keyword>
<gmd:keyword>
<gco:CharacterString>stand</gco:CharacterString>
</gmd:keyword>
<gmd:keyword>
<gco:CharacterString>species</gco:CharacterString>
</gmd:keyword>
<gmd:keyword>
<gco:CharacterString>Indicators</gco:CharacterString>
</gmd:keyword>
<gmd:keyword>
<gco:CharacterString>land use</gco:CharacterString>
</gmd:keyword>
<gmd:keyword>
<gco:CharacterString>forest</gco:CharacterString>
</gmd:keyword>
<gmd:keyword>
<gco:CharacterString>conservation</gco:CharacterString>
</gmd:keyword>
<gmd:type>
<gmd:MD_KeywordTypeCode codeList="http://www.isotc211.org/2005/resources/Codelist/gmxCodelists.xml#MD_KeywordTypeCode" codeListValue="theme" codeSpace="ISOTC211/19115">theme</gmd:MD_KeywordTypeCode>
</gmd:type>
</gmd:MD_Keywords>
</gmd:descriptiveKeywords>
<gmd:descriptiveKeywords>
<gmd:MD_Keywords>
<gmd:keyword>
<gco:CharacterString>land use change</gco:CharacterString>
</gmd:keyword>
<gmd:keyword>
<gco:CharacterString>national forest system</gco:CharacterString>
</gmd:keyword>
<gmd:keyword>
<gco:CharacterString>harvest</gco:CharacterString>
</gmd:keyword>
<gmd:keyword>
<gco:CharacterString>statistics</gco:CharacterString>
</gmd:keyword>
<gmd:keyword>
<gco:CharacterString>natural resources</gco:CharacterString>
</gmd:keyword>
<gmd:keyword>
<gco:CharacterString>forestry</gco:CharacterString>
</gmd:keyword>
<gmd:keyword>
<gco:CharacterString>stand</gco:CharacterString>
</gmd:keyword>
<gmd:keyword>
<gco:CharacterString>species</gco:CharacterString>
</gmd:keyword>
<gmd:keyword>
<gco:CharacterString>Indicators</gco:CharacterString>
</gmd:keyword>
<gmd:keyword>
<gco:CharacterString>land use</gco:CharacterString>
</gmd:keyword>
<gmd:keyword>
<gco:CharacterString>forest</gco:CharacterString>
</gmd:keyword>
<gmd:keyword>
<gco:CharacterString>conservation</gco:CharacterString>
</gmd:keyword>
<gmd:type>
<gmd:MD_KeywordTypeCode codeList="http://www.isotc211.org/2005/resources/Codelist/gmxCodelists.xml#MD_KeywordTypeCode" codeListValue="theme" codeSpace="ISOTC211/19115">theme</gmd:MD_KeywordTypeCode>
</gmd:type>
</gmd:MD_Keywords>
</gmd:descriptiveKeywords>
<gmd:descriptiveKeywords>
<gmd:MD_Keywords>
<gmd:keyword>
<gco:CharacterString>land use change</gco:CharacterString>
</gmd:keyword>
<gmd:keyword>
<gco:CharacterString>national forest system</gco:CharacterString>
</gmd:keyword>
<gmd:keyword>
<gco:CharacterString>harvest</gco:CharacterString>
</gmd:keyword>
<gmd:keyword>
<gco:CharacterString>statistics</gco:CharacterString>
</gmd:keyword>
<gmd:keyword>
<gco:CharacterString>natural resources</gco:CharacterString>
</gmd:keyword>
<gmd:keyword>
<gco:CharacterString>forestry</gco:CharacterString>
</gmd:keyword>
<gmd:keyword>
<gco:CharacterString>stand</gco:CharacterString>
</gmd:keyword>
<gmd:keyword>
<gco:CharacterString>species</gco:CharacterString>
</gmd:keyword>
<gmd:keyword>
<gco:CharacterString>Indicators</gco:CharacterString>
</gmd:keyword>
<gmd:keyword>
<gco:CharacterString>land use</gco:CharacterString>
</gmd:keyword>
<gmd:keyword>
<gco:CharacterString>forest</gco:CharacterString>
</gmd:keyword>
<gmd:keyword>
<gco:CharacterString>conservation</gco:CharacterString>
</gmd:keyword>
<gmd:type>
<gmd:MD_KeywordTypeCode codeList="http://www.isotc211.org/2005/resources/Codelist/gmxCodelists.xml#MD_KeywordTypeCode" codeListValue="theme" codeSpace="ISOTC211/19115">theme</gmd:MD_KeywordTypeCode>
</gmd:type>
</gmd:MD_Keywords>
</gmd:descriptiveKeywords>
<gmd:descriptiveKeywords>
<gmd:MD_Keywords>
<gmd:keyword>
<gco:CharacterString>land use change</gco:CharacterString>
</gmd:keyword>
<gmd:keyword>
<gco:CharacterString>national forest system</gco:CharacterString>
</gmd:keyword>
<gmd:keyword>
<gco:CharacterString>harvest</gco:CharacterString>
</gmd:keyword>
<gmd:keyword>
<gco:CharacterString>statistics</gco:CharacterString>
</gmd:keyword>
<gmd:keyword>
<gco:CharacterString>natural resources</gco:CharacterString>
</gmd:keyword>
<gmd:keyword>
<gco:CharacterString>forestry</gco:CharacterString>
</gmd:keyword>
<gmd:keyword>
<gco:CharacterString>stand</gco:CharacterString>
</gmd:keyword>
<gmd:keyword>
<gco:CharacterString>species</gco:CharacterString>
</gmd:keyword>
<gmd:keyword>
<gco:CharacterString>Indicators</gco:CharacterString>
</gmd:keyword>
<gmd:keyword>
<gco:CharacterString>land use</gco:CharacterString>
</gmd:keyword>
<gmd:keyword>
<gco:CharacterString>forest</gco:CharacterString>
</gmd:keyword>
<gmd:keyword>
<gco:CharacterString>conservation</gco:CharacterString>
</gmd:keyword>
<gmd:type>
<gmd:MD_KeywordTypeCode codeList="http://www.isotc211.org/2005/resources/Codelist/gmxCodelists.xml#MD_KeywordTypeCode" codeListValue="theme" codeSpace="ISOTC211/19115">theme</gmd:MD_KeywordTypeCode>
</gmd:type>
</gmd:MD_Keywords>
</gmd:descriptiveKeywords>
<gmd:descriptiveKeywords>
<gmd:MD_Keywords>
<gmd:keyword>
<gco:CharacterString>land use change</gco:CharacterString>
</gmd:keyword>
<gmd:keyword>
<gco:CharacterString>national forest system</gco:CharacterString>
</gmd:keyword>
<gmd:keyword>
<gco:CharacterString>harvest</gco:CharacterString>
</gmd:keyword>
<gmd:keyword>
<gco:CharacterString>statistics</gco:CharacterString>
</gmd:keyword>
<gmd:keyword>
<gco:CharacterString>natural resources</gco:CharacterString>
</gmd:keyword>
<gmd:keyword>
<gco:CharacterString>forestry</gco:CharacterString>
</gmd:keyword>
<gmd:keyword>
<gco:CharacterString>stand</gco:CharacterString>
</gmd:keyword>
<gmd:keyword>
<gco:CharacterString>species</gco:CharacterString>
</gmd:keyword>
<gmd:keyword>
<gco:CharacterString>Indicators</gco:CharacterString>
</gmd:keyword>
<gmd:keyword>
<gco:CharacterString>land use</gco:CharacterString>
</gmd:keyword>
<gmd:keyword>
<gco:CharacterString>forest</gco:CharacterString>
</gmd:keyword>
<gmd:keyword>
<gco:CharacterString>conservation</gco:CharacterString>
</gmd:keyword>
<gmd:type>
<gmd:MD_KeywordTypeCode codeList="http://www.isotc211.org/2005/resources/Codelist/gmxCodelists.xml#MD_KeywordTypeCode" codeListValue="theme" codeSpace="ISOTC211/19115">theme</gmd:MD_KeywordTypeCode>
</gmd:type>
</gmd:MD_Keywords>
</gmd:descriptiveKeywords>
<gmd:descriptiveKeywords>
<gmd:MD_Keywords>
<gmd:keyword>
<gco:CharacterString>land use change</gco:CharacterString>
</gmd:keyword>
<gmd:keyword>
<gco:CharacterString>national forest system</gco:CharacterString>
</gmd:keyword>
<gmd:keyword>
<gco:CharacterString>harvest</gco:CharacterString>
</gmd:keyword>
<gmd:keyword>
<gco:CharacterString>statistics</gco:CharacterString>
</gmd:keyword>
<gmd:keyword>
<gco:CharacterString>natural resources</gco:CharacterString>
</gmd:keyword>
<gmd:keyword>
<gco:CharacterString>forestry</gco:CharacterString>
</gmd:keyword>
<gmd:keyword>
<gco:CharacterString>stand</gco:CharacterString>
</gmd:keyword>
<gmd:keyword>
<gco:CharacterString>species</gco:CharacterString>
</gmd:keyword>
<gmd:keyword>
<gco:CharacterString>Indicators</gco:CharacterString>
</gmd:keyword>
<gmd:keyword>
<gco:CharacterString>land use</gco:CharacterString>
</gmd:keyword>
<gmd:keyword>
<gco:CharacterString>forest</gco:CharacterString>
</gmd:keyword>
<gmd:keyword>
<gco:CharacterString>conservation</gco:CharacterString>
</gmd:keyword>
<gmd:type>
<gmd:MD_KeywordTypeCode codeList="http://www.isotc211.org/2005/resources/Codelist/gmxCodelists.xml#MD_KeywordTypeCode" codeListValue="theme" codeSpace="ISOTC211/19115">theme</gmd:MD_KeywordTypeCode>
</gmd:type>
</gmd:MD_Keywords>
</gmd:descriptiveKeywords>
<gmd:descriptiveKeywords>
<gmd:MD_Keywords>
<gmd:keyword>
<gco:CharacterString>land use change</gco:CharacterString>
</gmd:keyword>
<gmd:keyword>
<gco:CharacterString>national forest system</gco:CharacterString>
</gmd:keyword>
<gmd:keyword>
<gco:CharacterString>harvest</gco:CharacterString>
</gmd:keyword>
<gmd:keyword>
<gco:CharacterString>statistics</gco:CharacterString>
</gmd:keyword>
<gmd:keyword>
<gco:CharacterString>natural resources</gco:CharacterString>
</gmd:keyword>
<gmd:keyword>
<gco:CharacterString>forestry</gco:CharacterString>
</gmd:keyword>
<gmd:keyword>
<gco:CharacterString>stand</gco:CharacterString>
</gmd:keyword>
<gmd:keyword>
<gco:CharacterString>species</gco:CharacterString>
</gmd:keyword>
<gmd:keyword>
<gco:CharacterString>Indicators</gco:CharacterString>
</gmd:keyword>
<gmd:keyword>
<gco:CharacterString>land use</gco:CharacterString>
</gmd:keyword>
<gmd:keyword>
<gco:CharacterString>forest</gco:CharacterString>
</gmd:keyword>
<gmd:keyword>
<gco:CharacterString>conservation</gco:CharacterString>
</gmd:keyword>
<gmd:type>
<gmd:MD_KeywordTypeCode codeList="http://www.isotc211.org/2005/resources/Codelist/gmxCodelists.xml#MD_KeywordTypeCode" codeListValue="theme" codeSpace="ISOTC211/19115">theme</gmd:MD_KeywordTypeCode>
</gmd:type>
</gmd:MD_Keywords>
</gmd:descriptiveKeywords>
<gmd:descriptiveKeywords>
<gmd:MD_Keywords>
<gmd:keyword>
<gco:CharacterString>land use change</gco:CharacterString>
</gmd:keyword>
<gmd:keyword>
<gco:CharacterString>national forest system</gco:CharacterString>
</gmd:keyword>
<gmd:keyword>
<gco:CharacterString>harvest</gco:CharacterString>
</gmd:keyword>
<gmd:keyword>
<gco:CharacterString>statistics</gco:CharacterString>
</gmd:keyword>
<gmd:keyword>
<gco:CharacterString>natural resources</gco:CharacterString>
</gmd:keyword>
<gmd:keyword>
<gco:CharacterString>forestry</gco:CharacterString>
</gmd:keyword>
<gmd:keyword>
<gco:CharacterString>stand</gco:CharacterString>
</gmd:keyword>
<gmd:keyword>
<gco:CharacterString>species</gco:CharacterString>
</gmd:keyword>
<gmd:keyword>
<gco:CharacterString>Indicators</gco:CharacterString>
</gmd:keyword>
<gmd:keyword>
<gco:CharacterString>land use</gco:CharacterString>
</gmd:keyword>
<gmd:keyword>
<gco:CharacterString>forest</gco:CharacterString>
</gmd:keyword>
<gmd:keyword>
<gco:CharacterString>conservation</gco:CharacterString>
</gmd:keyword>
<gmd:type>
<gmd:MD_KeywordTypeCode codeList="http://www.isotc211.org/2005/resources/Codelist/gmxCodelists.xml#MD_KeywordTypeCode" codeListValue="theme" codeSpace="ISOTC211/19115">theme</gmd:MD_KeywordTypeCode>
</gmd:type>
</gmd:MD_Keywords>
</gmd:descriptiveKeywords>
<gmd:descriptiveKeywords>
<gmd:MD_Keywords>
<gmd:keyword>
<gco:CharacterString>land use change</gco:CharacterString>
</gmd:keyword>
<gmd:keyword>
<gco:CharacterString>national forest system</gco:CharacterString>
</gmd:keyword>
<gmd:keyword>
<gco:CharacterString>harvest</gco:CharacterString>
</gmd:keyword>
<gmd:keyword>
<gco:CharacterString>statistics</gco:CharacterString>
</gmd:keyword>
<gmd:keyword>
<gco:CharacterString>natural resources</gco:CharacterString>
</gmd:keyword>
<gmd:keyword>
<gco:CharacterString>forestry</gco:CharacterString>
</gmd:keyword>
<gmd:keyword>
<gco:CharacterString>stand</gco:CharacterString>
</gmd:keyword>
<gmd:keyword>
<gco:CharacterString>species</gco:CharacterString>
</gmd:keyword>
<gmd:keyword>
<gco:CharacterString>Indicators</gco:CharacterString>
</gmd:keyword>
<gmd:keyword>
<gco:CharacterString>land use</gco:CharacterString>
</gmd:keyword>
<gmd:keyword>
<gco:CharacterString>forest</gco:CharacterString>
</gmd:keyword>
<gmd:keyword>
<gco:CharacterString>conservation</gco:CharacterString>
</gmd:keyword>
<gmd:type>
<gmd:MD_KeywordTypeCode codeList="http://www.isotc211.org/2005/resources/Codelist/gmxCodelists.xml#MD_KeywordTypeCode" codeListValue="theme" codeSpace="ISOTC211/19115">theme</gmd:MD_KeywordTypeCode>
</gmd:type>
</gmd:MD_Keywords>
</gmd:descriptiveKeywords>
<gmd:descriptiveKeywords>
<gmd:MD_Keywords>
<gmd:keyword>
<gco:CharacterString>land use change</gco:CharacterString>
</gmd:keyword>
<gmd:keyword>
<gco:CharacterString>national forest system</gco:CharacterString>
</gmd:keyword>
<gmd:keyword>
<gco:CharacterString>harvest</gco:CharacterString>
</gmd:keyword>
<gmd:keyword>
<gco:CharacterString>statistics</gco:CharacterString>
</gmd:keyword>
<gmd:keyword>
<gco:CharacterString>natural resources</gco:CharacterString>
</gmd:keyword>
<gmd:keyword>
<gco:CharacterString>forestry</gco:CharacterString>
</gmd:keyword>
<gmd:keyword>
<gco:CharacterString>stand</gco:CharacterString>
</gmd:keyword>
<gmd:keyword>
<gco:CharacterString>species</gco:CharacterString>
</gmd:keyword>
<gmd:keyword>
<gco:CharacterString>Indicators</gco:CharacterString>
</gmd:keyword>
<gmd:keyword>
<gco:CharacterString>land use</gco:CharacterString>
</gmd:keyword>
<gmd:keyword>
<gco:CharacterString>forest</gco:CharacterString>
</gmd:keyword>
<gmd:keyword>
<gco:CharacterString>conservation</gco:CharacterString>
</gmd:keyword>
<gmd:type>
<gmd:MD_KeywordTypeCode codeList="http://www.isotc211.org/2005/resources/Codelist/gmxCodelists.xml#MD_KeywordTypeCode" codeListValue="theme" codeSpace="ISOTC211/19115">theme</gmd:MD_KeywordTypeCode>
</gmd:type>
</gmd:MD_Keywords>
</gmd:descriptiveKeywords>
<gmd:descriptiveKeywords>
<gmd:MD_Keywords>
<gmd:keyword>
<gco:CharacterString>land use change</gco:CharacterString>
</gmd:keyword>
<gmd:keyword>
<gco:CharacterString>national forest system</gco:CharacterString>
</gmd:keyword>
<gmd:keyword>
<gco:CharacterString>harvest</gco:CharacterString>
</gmd:keyword>
<gmd:keyword>
<gco:CharacterString>statistics</gco:CharacterString>
</gmd:keyword>
<gmd:keyword>
<gco:CharacterString>natural resources</gco:CharacterString>
</gmd:keyword>
<gmd:keyword>
<gco:CharacterString>forestry</gco:CharacterString>
</gmd:keyword>
<gmd:keyword>
<gco:CharacterString>stand</gco:CharacterString>
</gmd:keyword>
<gmd:keyword>
<gco:CharacterString>species</gco:CharacterString>
</gmd:keyword>
<gmd:keyword>
<gco:CharacterString>Indicators</gco:CharacterString>
</gmd:keyword>
<gmd:keyword>
<gco:CharacterString>land use</gco:CharacterString>
</gmd:keyword>
<gmd:keyword>
<gco:CharacterString>forest</gco:CharacterString>
</gmd:keyword>
<gmd:keyword>
<gco:CharacterString>conservation</gco:CharacterString>
</gmd:keyword>
<gmd:type>
<gmd:MD_KeywordTypeCode codeList="http://www.isotc211.org/2005/resources/Codelist/gmxCodelists.xml#MD_KeywordTypeCode" codeListValue="theme" codeSpace="ISOTC211/19115">theme</gmd:MD_KeywordTypeCode>
</gmd:type>
</gmd:MD_Keywords>
</gmd:descriptiveKeywords>
<gmd:descriptiveKeywords>
<gmd:MD_Keywords>
<gmd:keyword>
<gco:CharacterString>land use change</gco:CharacterString>
</gmd:keyword>
<gmd:keyword>
<gco:CharacterString>national forest system</gco:CharacterString>
</gmd:keyword>
<gmd:keyword>
<gco:CharacterString>harvest</gco:CharacterString>
</gmd:keyword>
<gmd:keyword>
<gco:CharacterString>statistics</gco:CharacterString>
</gmd:keyword>
<gmd:keyword>
<gco:CharacterString>natural resources</gco:CharacterString>
</gmd:keyword>
<gmd:keyword>
<gco:CharacterString>forestry</gco:CharacterString>
</gmd:keyword>
<gmd:keyword>
<gco:CharacterString>stand</gco:CharacterString>
</gmd:keyword>
<gmd:keyword>
<gco:CharacterString>species</gco:CharacterString>
</gmd:keyword>
<gmd:keyword>
<gco:CharacterString>Indicators</gco:CharacterString>
</gmd:keyword>
<gmd:keyword>
<gco:CharacterString>land use</gco:CharacterString>
</gmd:keyword>
<gmd:keyword>
<gco:CharacterString>forest</gco:CharacterString>
</gmd:keyword>
<gmd:keyword>
<gco:CharacterString>conservation</gco:CharacterString>
</gmd:keyword>
<gmd:type>
<gmd:MD_KeywordTypeCode codeList="http://www.isotc211.org/2005/resources/Codelist/gmxCodelists.xml#MD_KeywordTypeCode" codeListValue="theme" codeSpace="ISOTC211/19115">theme</gmd:MD_KeywordTypeCode>
</gmd:type>
</gmd:MD_Keywords>
</gmd:descriptiveKeywords>
<gmd:descriptiveKeywords>
<gmd:MD_Keywords>
<gmd:keyword>
<gco:CharacterString>Boundaries</gco:CharacterString>
</gmd:keyword>
<gmd:keyword>
<gco:CharacterString>Counties</gco:CharacterString>
</gmd:keyword>
<gmd:type>
<gmd:MD_KeywordTypeCode codeList="http://www.isotc211.org/2005/resources/Codelist/gmxCodelists.xml#MD_KeywordTypeCode" codeListValue="theme" codeSpace="ISOTC211/19115">theme</gmd:MD_KeywordTypeCode>
</gmd:type>
<gmd:thesaurusName>
<gmd:CI_Citation>
<gmd:title>
<gco:CharacterString>Tri - Service Spatial Data Standard</gco:CharacterString>
</gmd:title>
<gmd:date gco:nilReason="missing"/>
<gmd:citedResponsibleParty gco:nilReason="missing"/>
</gmd:CI_Citation>
</gmd:thesaurusName>
</gmd:MD_Keywords>
</gmd:descriptiveKeywords>
<gmd:descriptiveKeywords>
<gmd:MD_Keywords>
<gmd:keyword>
<gco:CharacterString>Boundaries</gco:CharacterString>
</gmd:keyword>
<gmd:keyword>
<gco:CharacterString>Counties</gco:CharacterString>
</gmd:keyword>
<gmd:type>
<gmd:MD_KeywordTypeCode codeList="http://www.isotc211.org/2005/resources/Codelist/gmxCodelists.xml#MD_KeywordTypeCode" codeListValue="theme" codeSpace="ISOTC211/19115">theme</gmd:MD_KeywordTypeCode>
</gmd:type>
<gmd:thesaurusName>
<gmd:CI_Citation>
<gmd:title>
<gco:CharacterString>Tri - Service Spatial Data Standard</gco:CharacterString>
</gmd:title>
<gmd:date gco:nilReason="missing"/>
<gmd:citedResponsibleParty gco:nilReason="missing"/>
</gmd:CI_Citation>
</gmd:thesaurusName>
</gmd:MD_Keywords>
</gmd:descriptiveKeywords>
<gmd:descriptiveKeywords>
<gmd:MD_Keywords>
<gmd:keyword>
<gco:CharacterString>biota</gco:CharacterString>
</gmd:keyword>
<gmd:type>
<gmd:MD_KeywordTypeCode codeList="http://www.isotc211.org/2005/resources/Codelist/gmxCodelists.xml#MD_KeywordTypeCode" codeListValue="theme" codeSpace="ISOTC211/19115">theme</gmd:MD_KeywordTypeCode>
</gmd:type>
<gmd:thesaurusName>
<gmd:CI_Citation>
<gmd:title>
<gco:CharacterString>ISO 19115 Topic Category</gco:CharacterString>
</gmd:title>
<gmd:date gco:nilReason="missing"/>
<gmd:citedResponsibleParty gco:nilReason="missing"/>
</gmd:CI_Citation>
</gmd:thesaurusName>
</gmd:MD_Keywords>
</gmd:descriptiveKeywords>
<gmd:resourceConstraints>
<gmd:MD_Constraints>
<gmd:useLimitation>
<gco:CharacterString>VCGI and the State of VT make no representations of any kind, including but not limited to the warranties of merchantability or fitness for a particular use, nor are any such warranties to be implied with respect to the data, service, or application.</gco:CharacterString>
</gmd:useLimitation>
</gmd:MD_Constraints>
</gmd:resourceConstraints>
<gmd:resourceConstraints>
<gmd:MD_LegalConstraints>
<gmd:useLimitation>
<gco:CharacterString>VCGI and the State of Vermont make no representations of any kind, including but not limited to the warranties of merchantability or fitness for a particular use, nor are any such warranties to be implied with respect to the data.</gco:CharacterString>
</gmd:useLimitation>
<gmd:otherConstraints>
<gco:CharacterString>VCGI and the State of Vermont make no representations of any kind including, but not limited to the warranties of merchantability or fitness for a particular use, nor are any such warranties to be implied with respect to the data.</gco:CharacterString>
</gmd:otherConstraints>
</gmd:MD_LegalConstraints>
</gmd:resourceConstraints>
<gmd:resourceConstraints>
<gmd:MD_SecurityConstraints>
<gmd:classification>
<gmd:MD_ClassificationCode codeList="http://www.isotc211.org/2005/resources/Codelist/gmxCodelists.xml#MD_ClassificationCode" codeListValue="unclassified" codeSpace="ISOTC211/19115">unclassified</gmd:MD_ClassificationCode>
</gmd:classification>
<gmd:classificationSystem>
<gco:CharacterString>None</gco:CharacterString>
</gmd:classificationSystem>
<gmd:handlingDescription>
<gco:CharacterString>No security considerations.</gco:CharacterString>
</gmd:handlingDescription>
</gmd:MD_SecurityConstraints>
</gmd:resourceConstraints>
<gmd:spatialRepresentationType>
<gmd:MD_SpatialRepresentationTypeCode codeList="http://www.isotc211.org/2005/resources/Codelist/gmxCodelists.xml#MD_SpatialRepresentationTypeCode" codeListValue="vector" codeSpace="ISOTC211/19115">vector</gmd:MD_SpatialRepresentationTypeCode>
</gmd:spatialRepresentationType>
<gmd:language>
<gmd:LanguageCode codeList="http://www.loc.gov/standards/iso639-2/php/code_list.php" codeListValue="eng" codeSpace="ISO639-2">eng</gmd:LanguageCode>
</gmd:language>
<gmd:characterSet>
<gmd:MD_CharacterSetCode codeList="http://www.isotc211.org/2005/resources/Codelist/gmxCodelists.xml#MD_CharacterSetCode" codeListValue="utf8" codeSpace="ISOTC211/19115">utf8</gmd:MD_CharacterSetCode>
</gmd:characterSet>
<gmd:topicCategory>
<gmd:MD_TopicCategoryCode>biota</gmd:MD_TopicCategoryCode>
</gmd:topicCategory>
<gmd:topicCategory>
<gmd:MD_TopicCategoryCode>boundaries</gmd:MD_TopicCategoryCode>
</gmd:topicCategory>
<gmd:environmentDescription>
<gco:CharacterString>Arc/Info</gco:CharacterString>
</gmd:environmentDescription>
<gmd:extent>
<gmd:EX_Extent>
<gmd:geographicElement>
<gmd:EX_GeographicBoundingBox>
<gmd:westBoundLongitude>
<gco:Decimal>-73.454162</gco:Decimal>
</gmd:westBoundLongitude>
<gmd:eastBoundLongitude>
<gco:Decimal>-71.465281</gco:Decimal>
</gmd:eastBoundLongitude>
<gmd:southBoundLatitude>
<gco:Decimal>42.722789</gco:Decimal>
</gmd:southBoundLatitude>
<gmd:northBoundLatitude>
<gco:Decimal>45.018361</gco:Decimal>
</gmd:northBoundLatitude>
</gmd:EX_GeographicBoundingBox>
</gmd:geographicElement>
</gmd:EX_Extent>
</gmd:extent>
<gmd:extent>
<gmd:EX_Extent>
<gmd:description>
<gco:CharacterString>Publication Date</gco:CharacterString>
</gmd:description>
<gmd:temporalElement>
<gmd:EX_TemporalExtent>
<gmd:extent>
<gml:TimePeriod gml:id="N65819">
<gml:beginPosition>1966-00-00</gml:beginPosition>
<gml:endPosition>1997-00-00</gml:endPosition>
</gml:TimePeriod>
</gmd:extent>
</gmd:EX_TemporalExtent>
</gmd:temporalElement>
</gmd:EX_Extent>
</gmd:extent>
<gmd:supplementalInformation>
<gco:CharacterString>Under the Authority of the McSweeny-McNary Forest Research Act of 1928 and subsequent acts, including the Renewable Resources Planning Act of 1974, and the Renewable Resources Research Act of 1978, the USDA Forest Service conducts periodic forest inventories of all states to provide up-to-date information on the forest resource of the Nation. The initial inventory of Vermont's forest resources was conducted in 1948. Succeding inventories were carried out in 1966, 1973, 1983, and 1997. This inventory involved a cooperative effort of the Vermont Department of Forest, Parks &amp; Recreation, USDA-Soils Conservation Service (NRCS), the Green Mountain National Forest, and the Northeastern Forest Experiment Station. How does FIA do its work? FIA consists of a nationally consistent core program which can be enhanced at the regional, state or local level to address special interests. The national core consists of three phases. Phase one is a remote sensing phase aimed at classifying the land into forest and non-forest and taking spatial measurements such as fragmentation, urbanization, and distance variables. This phase has historically been done using aerial photography, but is changing to a system based on satellite imagery. Phase 2 consists of a set of field sample locations distributed across the landscape with approximately one sample location (FIA plot) every 6,000 acres. Forested sample locations are visited by field crews who collect a variety of forest ecosystem data. Non forest locations are also visited as necessary to quantify rates of land use change. Phase 3 consists of a subset of the phase two plots which are visited during the growing season in order to collect an extended suite of ecological data including full vegetation inventory, tree and crown condition, soil data, lichen diversity, coarse woody debris, and ozone damage. Phase 3 plots, formerly known as FHM plots, will now be sampled in an integrated fashion along with the plots formerly known as FIA plots, allowing delivery of a seamless, comprehensive database. The sampling procedure used during the 1997 inventory included the use of aerial photography, the remeasurement of a sample of ground plots established in earlier inventories, and the establishment of new ground plots. For Vermont, this procedure required the photointerpretation and classification of 21,976 new photo points and 823 previously sampled ground plot locations into land-use and cubic-foot volume classes. Then 823 ground plots from the previous inventory were remeasured and 103 new ground plots were established. Of the total 926 plots, 724 were forested at plot center. The data collected were summarized using the FINSYS computer system developed at the Northeastern Research Station.</gco:CharacterString>
</gmd:supplementalInformation>
</gmd:MD_DataIdentification>
</gmd:identificationInfo>
<gmd:distributionInfo>
<gmd:MD_Distribution>
<gmd:distributionFormat>
<gmd:MD_Format>
<gmd:name>
<gco:CharacterString>SHP</gco:CharacterString>
</gmd:name>
<gmd:version gco:nilReason="missing"/>
<gmd:specification>
<gco:CharacterString>ESRI Shapefile format (compressed to ZIP format)</gco:CharacterString>
</gmd:specification>
<gmd:fileDecompressionTechnique>
<gco:CharacterString>ZIP decompression software</gco:CharacterString>
</gmd:fileDecompressionTechnique>
</gmd:MD_Format>
</gmd:distributionFormat>
<gmd:distributor>
<gmd:MD_Distributor>
<gmd:distributorContact>
<gmd:CI_ResponsibleParty>
<gmd:organisationName>
<gco:CharacterString>VT Center for Geographic Information</gco:CharacterString>
</gmd:organisationName>
<gmd:contactInfo>
<gmd:CI_Contact>
<gmd:phone>
<gmd:CI_Telephone>
<gmd:voice>
<gco:CharacterString>802/882-3002</gco:CharacterString>
</gmd:voice>
<gmd:voice>
<gco:CharacterString>None</gco:CharacterString>
</gmd:voice>
<gmd:facsimile>
<gco:CharacterString>802/828-3383</gco:CharacterString>
</gmd:facsimile>
</gmd:CI_Telephone>
</gmd:phone>
<gmd:address>
<gmd:CI_Address>
<gmd:deliveryPoint>
<gco:CharacterString>1 National Life Dr., Davis Building, 6th Floor</gco:CharacterString>
</gmd:deliveryPoint>
<gmd:city>
<gco:CharacterString>Montpelier</gco:CharacterString>
</gmd:city>
<gmd:administrativeArea>
<gco:CharacterString>VT</gco:CharacterString>
</gmd:administrativeArea>
<gmd:postalCode>
<gco:CharacterString>05620-0501</gco:CharacterString>
</gmd:postalCode>
<gmd:country>
<gco:CharacterString>US</gco:CharacterString>
</gmd:country>
<gmd:electronicMailAddress>
<gco:CharacterString>accd.vcgiinfo@vermont.gov</gco:CharacterString>
</gmd:electronicMailAddress>
</gmd:CI_Address>
</gmd:address>
<gmd:hoursOfService>
<gco:CharacterString>9am - 5pm, M-F</gco:CharacterString>
</gmd:hoursOfService>
</gmd:CI_Contact>
</gmd:contactInfo>
<gmd:role>
<gmd:CI_RoleCode codeList="http://www.isotc211.org/2005/resources/Codelist/gmxCodelists.xml#CI_RoleCode" codeListValue="distributor" codeSpace="ISOTC211/19115">distributor</gmd:CI_RoleCode>
</gmd:role>
</gmd:CI_ResponsibleParty>
</gmd:distributorContact>
<gmd:distributionOrderProcess>
<gmd:MD_StandardOrderProcess>
<gmd:fees>
<gco:CharacterString>No charge when downloading from the internet, and when no custom processing is required.</gco:CharacterString>
</gmd:fees>
<plannedAvailableDateTime>
<gco:DateTime>2000-10-23T00:00:00</gco:DateTime>
</plannedAvailableDateTime>
<gmd:orderingInstructions>
<gco:CharacterString>Send an email describing data request to accd.vcgiinfo@vermont.gov</gco:CharacterString>
</gmd:orderingInstructions>
<gmd:turnaround>
<gco:CharacterString>About 5 days.</gco:CharacterString>
</gmd:turnaround>
</gmd:MD_StandardOrderProcess>
</gmd:distributionOrderProcess>
</gmd:MD_Distributor>
</gmd:distributor>
<gmd:transferOptions>
<gmd:MD_DigitalTransferOptions>
<gmd:onLine>
<gmd:CI_OnlineResource>
<gmd:linkage>
<gmd:URL>http://maps.vcgi.vermont.gov/gisdata/vcgi/packaged_zips/EcologicStats_CNTYFRST.zip</gmd:URL>
</gmd:linkage>
<gmd:protocol gco:nilReason="missing"/>
<gmd:name>
<gco:CharacterString>Download Pre-packaged Data</gco:CharacterString>
</gmd:name>
<gmd:function>
<gmd:CI_OnLineFunctionCode codeList="http://www.isotc211.org/2005/resources/Codelist/gmxCodelists.xml#CI_OnLineFunctionCode" codeListValue="download" codeSpace="ISOTC211/19115">download</gmd:CI_OnLineFunctionCode>
</gmd:function>
</gmd:CI_OnlineResource>
</gmd:onLine>
</gmd:MD_DigitalTransferOptions>
</gmd:transferOptions>
<gmd:transferOptions>
<gmd:MD_DigitalTransferOptions>
<gmd:onLine>
<gmd:CI_OnlineResource>
<gmd:linkage>
<gmd:URL>http://maps.vcgi.vermont.gov/gisdata/vcgi/packaged_zips/EcologicStats_CNTYFRST.zip</gmd:URL>
</gmd:linkage>
<gmd:protocol gco:nilReason="missing"/>
<gmd:description>
<gco:CharacterString>Download from web site.</gco:CharacterString>
</gmd:description>
</gmd:CI_OnlineResource>
</gmd:onLine>
</gmd:MD_DigitalTransferOptions>
</gmd:transferOptions>
<gmd:transferOptions>
<gmd:MD_DigitalTransferOptions>
<gmd:offLine>
<gmd:MD_Medium>
<gmd:name>
<gmd:MD_MediumNameCode codeList="http://www.fgdc.gov/nap/metadata/register/codelists.html#napMD_MediumNameCode" codeListValue="USBFlashDrive" codeSpace="ISOTC211/19139/NAP">USBFlashDrive</gmd:MD_MediumNameCode>
</gmd:name>
</gmd:MD_Medium>
</gmd:offLine>
</gmd:MD_DigitalTransferOptions>
</gmd:transferOptions>
<gmd:transferOptions>
<gmd:MD_DigitalTransferOptions/>
</gmd:transferOptions>
</gmd:MD_Distribution>
</gmd:distributionInfo>
<gmd:dataQualityInfo>
<gmd:DQ_DataQuality>
<gmd:scope>
<gmd:DQ_Scope>
<gmd:level>
<gmd:MD_ScopeCode codeList="http://www.isotc211.org/2005/resources/Codelist/gmxCodelists.xml#MD_ScopeCode" codeListValue="dataset" codeSpace="ISOTC211/19115">dataset</gmd:MD_ScopeCode>
</gmd:level>
</gmd:DQ_Scope>
</gmd:scope>
<gmd:report>
<gmd:DQ_ConceptualConsistency>
<gmd:measureDescription>
<gco:CharacterString>The line accuracy of this coverage is questionable due to its uncertain history and modifications. The county boundaries are very approximate and do not line up well with the DLG water features at RF 100,000 scale. Errors of up to 200 meters are common, and errors greater than 300 meters have been observed.</gco:CharacterString>
</gmd:measureDescription>
<gmd:result gco:nilReason="missing"/>
</gmd:DQ_ConceptualConsistency>
</gmd:report>
<gmd:report>
<gmd:DQ_CompletenessOmission>
<gmd:measureDescription>
<gco:CharacterString>No systematic quality control has been done to this datalayer. The actual boundary map date is Pre-1980.</gco:CharacterString>
</gmd:measureDescription>
<gmd:result gco:nilReason="missing"/>
</gmd:DQ_CompletenessOmission>
</gmd:report>
<gmd:report>
<gmd:DQ_QuantitativeAttributeAccuracy>
<gmd:measureDescription>
<gco:CharacterString>The data in this database was extracted from the Vermont Forest Inventory and Analysis (FIA) program. The following paragraphs have been taken from documentation within cited documents at the end of this section. Attribute definitions are peculiar to these data. The terms so defined are not to be treated as generic in order to avoid misinterpretation. For further information, see the documents cited below in this section. The data in this report are based on a carefully designed sample of forest conditions throughout Vermont. However, because field crews did not measure every tree or every acre in the state, the data are estimates. 'Accuracy' (success of estimating true value), 'Precision' (clustering of sample values, or variation among repeated samples), and Sampling Error (A statistical mearsure of reliability of an estimate) vary among indicators and by county. Sampling Errors have not been included within this database, but may be obtained from the "Forest Statistics of Vermont" publications. COMPARISON BETWEEN INVENTORIES - Readers should use caution when comparing the data in the (1997) report with those in the 1983 report due to ongoing efforts to improve the efficiency of the inventory. Hence, not all attributes from an inventory year are strictly comparable to all other inventory years. Forest Inventory uses Bureau of Census estimates of total land area in a state or county as the basis for estimating land area by various classes. For the 1983 report (1985), 1980 Bureau of Census data were used; in 1997, 1990 data were available. Between 1980 and 1990, the Bureau of Census changed its estimating procedures. It now can identify as inland water streams more than 200 feet wide and bodies of water 4.5 acres and larger in area. This procedure results in a reduction in total land area. Recalculated 1983 Forest Inventory data at the county-level has not been made available in this database. FORESTLAND - The term is defined as at least 10 percent stocked with trees of any size, or that formerly had tree cover and is not currently developed for a nonforest use. The minimum area for classification is one acre. TIMBERLAND - The term is defined as producing or capable of producing crops of industrial wood (more than 20 cubic feet per acre per year) and not withdrawn from timber utilization (formerly known as commercial forest land). SOFTWOOD - Coniferous trees, usually evergreen, with needles or scalelike leaves. HARDWOOD - Dicotyledonous trees, usually broad-leaved and Deciduous. GROWING STOCK VOLUME - This includes those trees that are 5 inches and larger in diameter at breast height, d.b.h. (i.e. 4.5' above the ground), and are judged to be of commercial quality. Growing stock volume is attributed to timberland only. NET BIOMASS OF ALL TREES - This definition includes Commercial species, Non-commercial species, Cull Trees, and Salvable dead trees at least 1" d.b.h. above ground level, excluding foliage. STAND-SIZE CLASS - A classification of forest land based on the size class (e.g. seedlings, saplings, poletimber, or sawtimber) of all live trees that dominate an area. Seedlings (a live tree less than 1.0" dbh and at least 1 foot tall. Saplings (All live trees 1.0" - 4.9" dbh. Poletimber (A live tree of commercial species meeting regional specifications of soundness and form at least 5.0" dbh. Sawtimber (A live tree of commercial species at least 9.0" dbh for softwoods or 11.0" dbh for hardwoods, containing at least one 12 foot sawlog or two non-contiguous 8 foot sawlogs, and meeting regional specifications for freedom from defect. FRANKLIN &amp; GRAND ISLE COUNTY DATA- One of the many prerequisites for developing county-level statistics is that a county have at least 60,000 acres of timberland. Counties that do not meet this criterion have too few plots to allow reliable estimates. Such counties were paired with neighboring counties to create a sampling base large enough to provide reliable estimates. This pairing was required once during processing of Vermont data: Plots in Grand Isle County (56,742 acres total land) were combined with plots in Franklin County. In previous inventories (previous to 1973), Grand Isle County was not inventoried. LAND USE CHANGE DATA- These indicators (e.g. Forested Land Changed to Non-Forested, etc.) have been created by Orton Family Foundation and the Spatial Analysis Lab. This data has been created using the North American Landscape Characterization (NALC) data set. The NALC project is a component of the NASA Landsat Pathfinder program of experiments to study global conversion issues. The principal data product of the project is the NALC triplicate; a data set consisting of Landsat Multispectral Scanner (MSS) images for three epochs: 1990-92, 1985-87, and 1972-74. The NALC imagery is sub-sampled to 60 meters from the original resolution of 80 meters. Caution should be used when using this data as it is only intended as a coarse indicator of land use change. Whilst the data produced from the MSS analysis significantly underestimates the amount of conversion due to development, it is more representative of large-scale development on the landscape. LOW INTENSITY DISTURBANCE- This indicator was obtained from the Orton Family Foundation and the Spatial Analysis Lab. It is defined as; A crude measure of low disturbance land use change (i.e. mostly forestry operations which arguably are not a change in land use per se). For more FIA information please contact - Robert De Geus, Vermont Department of Forests, Parks &amp; Recreation, 802-241-3671, (rdegeus@fpr.anr.state.vt.us). Further information on sampling and error may also be obtained from the USDA Forest Service, Northeastern Experiment Station publication; "Forest Statistics for Vermont - 1973 and 1983", Resource Bulletin, NE-87, 1985. Also; "Forest Statistics for Vermont - 1983 and 1997", Resource Bulletin, NE-145. Also see; "Biomass Statistics for Vermont - 1983", Resource Bulletin, NE-91. For further information regarding the land use change data please contact - Dr. Dave Capen, The Spatial Analysis Lab, School of Natural Resources, University of Vermont, 802-656-3324, (dcapen@nature.snr.uvm.edu).</gco:CharacterString>
</gmd:measureDescription>
<gmd:evaluationMethodDescription>
<gco:CharacterString>Fuzzy Tolerance</gco:CharacterString>
</gmd:evaluationMethodDescription>
<gmd:result>
<gmd:DQ_QuantitativeResult>
<gmd:valueUnit gco:nilReason="missing"/>
<gmd:value>
<gco:Record>12.7 map units</gco:Record>
</gmd:value>
</gmd:DQ_QuantitativeResult>
</gmd:result>
</gmd:DQ_QuantitativeAttributeAccuracy>
</gmd:report>
<gmd:report>
<gmd:DQ_AbsoluteExternalPositionalAccuracy>
<gmd:measureDescription>
<gco:CharacterString>Boundary positional errors of up to 200 meters are common, while errors greater than 300 meters have been observed within this datalayer.</gco:CharacterString>
</gmd:measureDescription>
<gmd:evaluationMethodDescription>
<gco:CharacterString>Error possibility of boundary</gco:CharacterString>
</gmd:evaluationMethodDescription>
<gmd:result>
<gmd:DQ_QuantitativeResult>
<gmd:valueUnit gco:nilReason="missing"/>
<gmd:value>
<gco:Record>300+ Meters</gco:Record>
</gmd:value>
</gmd:DQ_QuantitativeResult>
</gmd:result>
</gmd:DQ_AbsoluteExternalPositionalAccuracy>
</gmd:report>
<gmd:lineage>
<gmd:LI_Lineage>
<gmd:processStep>
<gmd:LI_ProcessStep>
<gmd:description>
<gco:CharacterString>Linework was derived from coverage BoundaryTown_TB250 (USGS DLGs at RF 100,000 scale DLG-based data).</gco:CharacterString>
</gmd:description>
<dateTime>
<gco:DateTime>1991-06-01T00:00:00</gco:DateTime>
</dateTime>
</gmd:LI_ProcessStep>
</gmd:processStep>
<gmd:processStep>
<gmd:LI_ProcessStep>
<gmd:description>
<gco:CharacterString>Added Forest Inventory attributes to BoundaryCounty_CNTY250 feature attribute table. Prepared layer for distribution. - Daryl Benoit, VCGI, 19 May 2000</gco:CharacterString>
</gmd:description>
<dateTime>
<gco:DateTime>2000-05-19T00:00:00</gco:DateTime>
</dateTime>
</gmd:LI_ProcessStep>
</gmd:processStep>
<gmd:processStep>
<gmd:LI_ProcessStep>
<gmd:description>
<gco:CharacterString>Added 1997 Forest Inventory data to feature attribute table. - Daryl Benoit, VCGI, 22 JUN 2000</gco:CharacterString>
</gmd:description>
<dateTime>
<gco:DateTime>2000-06-22T00:00:00</gco:DateTime>
</dateTime>
</gmd:LI_ProcessStep>
</gmd:processStep>
<gmd:processStep>
<gmd:LI_ProcessStep>
<gmd:description>
<gco:CharacterString>Added more attribute data to feature attribute table. - Daryl Benoit, VCGI, 7 SEP 2000</gco:CharacterString>
</gmd:description>
<dateTime>
<gco:DateTime>2000-09-07T00:00:00</gco:DateTime>
</dateTime>
</gmd:LI_ProcessStep>
</gmd:processStep>
<gmd:processStep>
<gmd:LI_ProcessStep>
<gmd:description>
<gco:CharacterString>Added "Forest Statistics for Vermont 1983 and 1997", published September 2000, and Orton/SAL Land Use change data to feature attribute table. - Daryl Benoit, VCGI, 7 DEC 2000</gco:CharacterString>
</gmd:description>
<dateTime>
<gco:DateTime>2000-12-07T00:00:00</gco:DateTime>
</dateTime>
</gmd:LI_ProcessStep>
</gmd:processStep>
<gmd:source>
<gmd:LI_Source>
<gmd:description>
<gco:CharacterString>USGS DLGs at RF 100,000 scale. BoundaryTown_TB250 coverage was used to derive this particular datalayer</gco:CharacterString>
</gmd:description>
<gmd:sourceCitation>
<gmd:CI_Citation>
<gmd:title>
<gco:CharacterString>BoundaryCounty_CNTY250</gco:CharacterString>
</gmd:title>
<gmd:date>
<gmd:CI_Date>
<date>
<gco:Date>1991-06-01</gco:Date>
</date>
<gmd:dateType>
<gmd:CI_DateTypeCode codeList="http://www.isotc211.org/2005/resources/Codelist/gmxCodelists.xml#CI_DateTypeCode" codeListValue="publication" codeSpace="ISOTC211/19115">publication</gmd:CI_DateTypeCode>
</gmd:dateType>
</gmd:CI_Date>
</gmd:date>
<gmd:citedResponsibleParty gco:nilReason="missing"/>
</gmd:CI_Citation>
</gmd:sourceCitation>
<gmd:sourceExtent>
<gmd:EX_Extent>
<gmd:description>
<gco:CharacterString>Publication Date</gco:CharacterString>
</gmd:description>
<gmd:temporalElement>
<gmd:EX_TemporalExtent>
<gmd:extent>
<gml:TimeInstant gml:id="N66044">
<gml:timePosition>1980-00-00</gml:timePosition>
</gml:TimeInstant>
</gmd:extent>
</gmd:EX_TemporalExtent>
</gmd:temporalElement>
</gmd:EX_Extent>
</gmd:sourceExtent>
</gmd:LI_Source>
</gmd:source>
</gmd:LI_Lineage>
</gmd:lineage>
</gmd:DQ_DataQuality>
</gmd:dataQualityInfo>
<gmd:metadataConstraints>
<gmd:MD_SecurityConstraints>
<gmd:classification>
<gmd:MD_ClassificationCode codeList="http://www.isotc211.org/2005/resources/Codelist/gmxCodelists.xml#MD_ClassificationCode" codeListValue="unclassified" codeSpace="ISOTC211/19115">unclassified</gmd:MD_ClassificationCode>
</gmd:classification>
<gmd:classificationSystem>
<gco:CharacterString>N/A</gco:CharacterString>
</gmd:classificationSystem>
<gmd:handlingDescription>
<gco:CharacterString>No security considerations</gco:CharacterString>
</gmd:handlingDescription>
</gmd:MD_SecurityConstraints>
</gmd:metadataConstraints>
</gmd:MD_Metadata>
