<?xml version="1.0" encoding="UTF-8"?><gmd:MD_Metadata xmlns:xlink="http://www.w3.org/1999/xlink" xmlns:srv="http://www.isotc211.org/2005/srv" xmlns:gts="http://www.isotc211.org/2005/gts" xmlns:gmd="http://www.isotc211.org/2005/gmd" xmlns:gco="http://www.isotc211.org/2005/gco" xmlns:gml="http://www.opengis.net/gml" xmlns:xsi="http://www.w3.org/2001/XMLSchema-instance">
<gmd:fileIdentifier>
<gco:CharacterString>1479742040644r7013647779749745</gco:CharacterString>
</gmd:fileIdentifier>
<gmd:language>
<gmd:LanguageCode codeList="http://www.loc.gov/standards/iso639-2/php/code_list.php" codeListValue="eng" codeSpace="ISO639-2">eng</gmd:LanguageCode>
</gmd:language>
<gmd:characterSet>
<gmd:MD_CharacterSetCode codeList="http://www.isotc211.org/2005/resources/Codelist/gmxCodelists.xml#MD_CharacterSetCode" codeListValue="utf8" codeSpace="ISOTC211/19115">utf8</gmd:MD_CharacterSetCode>
</gmd:characterSet>
<gmd:hierarchyLevel>
<gmd:MD_ScopeCode codeList="http://www.isotc211.org/2005/resources/Codelist/gmxCodelists.xml#MD_ScopeCode" codeListValue="dataset" codeSpace="ISOTC211/19115">dataset</gmd:MD_ScopeCode>
</gmd:hierarchyLevel>
<gmd:contact>
<gmd:CI_ResponsibleParty>
<gmd:individualName>
<gco:CharacterString>Knox, Ryan</gco:CharacterString>
</gmd:individualName>
<gmd:organisationName>
<gco:CharacterString>Agency of Natural Resources, GIS</gco:CharacterString>
</gmd:organisationName>
<gmd:positionName>
<gco:CharacterString>GIS Project Supervisor</gco:CharacterString>
</gmd:positionName>
<gmd:contactInfo>
<gmd:CI_Contact>
<gmd:phone>
<gmd:CI_Telephone>
<gmd:voice>
<gco:CharacterString>8027930297</gco:CharacterString>
</gmd:voice>
<gmd:voice>
<gco:CharacterString>None</gco:CharacterString>
</gmd:voice>
</gmd:CI_Telephone>
</gmd:phone>
<gmd:address>
<gmd:CI_Address>
<gmd:country>
<gco:CharacterString>US</gco:CharacterString>
</gmd:country>
<gmd:electronicMailAddress>
<gco:CharacterString>ryan.knox@vermont.gov</gco:CharacterString>
</gmd:electronicMailAddress>
</gmd:CI_Address>
</gmd:address>
</gmd:CI_Contact>
</gmd:contactInfo>
<gmd:role>
<gmd:CI_RoleCode codeList="http://www.isotc211.org/2005/resources/Codelist/gmxCodelists.xml#CI_RoleCode" codeListValue="custodian" codeSpace="ISOTC211/19115">custodian</gmd:CI_RoleCode>
</gmd:role>
</gmd:CI_ResponsibleParty>
</gmd:contact>
<dateStamp>
<gco:Date>2016-11-21</gco:Date>
</dateStamp>
<gmd:metadataStandardName>
<gco:CharacterString>NAP - Metadata</gco:CharacterString>
</gmd:metadataStandardName>
<gmd:metadataStandardVersion>
<gco:CharacterString>1.2</gco:CharacterString>
</gmd:metadataStandardVersion>
<gmd:spatialRepresentationInfo>
<gmd:MD_VectorSpatialRepresentation>
<gmd:topologyLevel>
<gmd:MD_TopologyLevelCode codeList="http://www.isotc211.org/2005/resources/Codelist/gmxCodelists.xml#MD_TopologyLevelCode" codeListValue="geometryOnly" codeSpace="ISOTC211/19115">geometryOnly</gmd:MD_TopologyLevelCode>
</gmd:topologyLevel>
<gmd:geometricObjects>
<gmd:MD_GeometricObjects>
<gmd:geometricObjectType>
<gmd:MD_GeometricObjectTypeCode codeList="http://www.isotc211.org/2005/resources/Codelist/gmxCodelists.xml#MD_GeometricObjectTypeCode" codeListValue="composite" codeSpace="ISOTC211/19115">composite</gmd:MD_GeometricObjectTypeCode>
</gmd:geometricObjectType>
</gmd:MD_GeometricObjects>
</gmd:geometricObjects>
</gmd:MD_VectorSpatialRepresentation>
</gmd:spatialRepresentationInfo>
<gmd:referenceSystemInfo>
<gmd:MD_ReferenceSystem>
<gmd:referenceSystemIdentifier>
<gmd:RS_Identifier>
<gmd:code>
<gco:CharacterString>32145</gco:CharacterString>
</gmd:code>
<gmd:codeSpace>
<gco:CharacterString>EPSG</gco:CharacterString>
</gmd:codeSpace>
<gmd:version>
<gco:CharacterString>8.6.2</gco:CharacterString>
</gmd:version>
</gmd:RS_Identifier>
</gmd:referenceSystemIdentifier>
</gmd:MD_ReferenceSystem>
</gmd:referenceSystemInfo>
<gmd:identificationInfo>
<gmd:MD_DataIdentification>
<gmd:citation>
<gmd:CI_Citation>
<gmd:title>
<gco:CharacterString>Water Quality Monitoring Sites, State of Vermont</gco:CharacterString>
</gmd:title>
<gmd:date>
<gmd:CI_Date>
<date>
<gco:Date>2010-01-01</gco:Date>
</date>
<gmd:dateType>
<gmd:CI_DateTypeCode codeList="http://www.isotc211.org/2005/resources/Codelist/gmxCodelists.xml#CI_DateTypeCode" codeListValue="creation" codeSpace="ISOTC211/19115">creation</gmd:CI_DateTypeCode>
</gmd:dateType>
</gmd:CI_Date>
</gmd:date>
<gmd:citedResponsibleParty>
<gmd:CI_ResponsibleParty>
<gmd:individualName>
<gco:CharacterString>Clear, Tim</gco:CharacterString>
</gmd:individualName>
<gmd:organisationName>
<gco:CharacterString>ANR - DEC</gco:CharacterString>
</gmd:organisationName>
<gmd:positionName>
<gco:CharacterString>Env Scient VI AC: General</gco:CharacterString>
</gmd:positionName>
<gmd:contactInfo>
<gmd:CI_Contact>
<gmd:phone>
<gmd:CI_Telephone>
<gmd:voice>
<gco:CharacterString>802-490-6135</gco:CharacterString>
</gmd:voice>
</gmd:CI_Telephone>
</gmd:phone>
<gmd:address>
<gmd:CI_Address>
<gmd:deliveryPoint>
<gco:CharacterString>1 National Life Drive, M2</gco:CharacterString>
</gmd:deliveryPoint>
<gmd:city>
<gco:CharacterString>Montpelier</gco:CharacterString>
</gmd:city>
<gmd:administrativeArea>
<gco:CharacterString>VT</gco:CharacterString>
</gmd:administrativeArea>
<gmd:postalCode>
<gco:CharacterString>05620-3738</gco:CharacterString>
</gmd:postalCode>
<gmd:country>
<gco:CharacterString>US</gco:CharacterString>
</gmd:country>
<gmd:electronicMailAddress>
<gco:CharacterString>tim.clear@vermont.gov</gco:CharacterString>
</gmd:electronicMailAddress>
</gmd:CI_Address>
</gmd:address>
</gmd:CI_Contact>
</gmd:contactInfo>
<gmd:role>
<gmd:CI_RoleCode codeList="http://www.isotc211.org/2005/resources/Codelist/gmxCodelists.xml#CI_RoleCode" codeListValue="pointOfContact" codeSpace="ISOTC211/19115">pointOfContact</gmd:CI_RoleCode>
</gmd:role>
</gmd:CI_ResponsibleParty>
</gmd:citedResponsibleParty>
<gmd:presentationForm>
<gmd:CI_PresentationFormCode codeList="http://www.isotc211.org/2005/resources/Codelist/gmxCodelists.xml#CI_PresentationFormCode" codeListValue="mapDigital" codeSpace="ISOTC211/19115">mapDigital</gmd:CI_PresentationFormCode>
</gmd:presentationForm>
</gmd:CI_Citation>
</gmd:citation>
<gmd:abstract>
<gco:CharacterString>Water Quality Monitoring Site identifies locations across the state of Vermont where water quality data has been collected, including habitat, chemistry, fish and/or macroinvertebrates.  Currently the layer is not maintained as site locations are provided through another means to teh ANR Natural Resources Atlas.</gco:CharacterString>
</gmd:abstract>
<gmd:purpose>
<gco:CharacterString>Water Quality Monitoring Sites, State of Vermont</gco:CharacterString>
</gmd:purpose>
<gmd:status gco:nilReason="missing"/>
<gmd:pointOfContact>
<gmd:CI_ResponsibleParty>
<gmd:individualName>
<gco:CharacterString>Clear, Tim</gco:CharacterString>
</gmd:individualName>
<gmd:organisationName>
<gco:CharacterString>ANR - DEC</gco:CharacterString>
</gmd:organisationName>
<gmd:positionName>
<gco:CharacterString>Env Scient VI AC: General</gco:CharacterString>
</gmd:positionName>
<gmd:contactInfo>
<gmd:CI_Contact>
<gmd:phone>
<gmd:CI_Telephone>
<gmd:voice>
<gco:CharacterString>802-490-6135</gco:CharacterString>
</gmd:voice>
</gmd:CI_Telephone>
</gmd:phone>
<gmd:address>
<gmd:CI_Address>
<gmd:deliveryPoint>
<gco:CharacterString>1 National Life Drive, M2</gco:CharacterString>
</gmd:deliveryPoint>
<gmd:city>
<gco:CharacterString>Montpelier</gco:CharacterString>
</gmd:city>
<gmd:administrativeArea>
<gco:CharacterString>VT</gco:CharacterString>
</gmd:administrativeArea>
<gmd:postalCode>
<gco:CharacterString>05620-3738</gco:CharacterString>
</gmd:postalCode>
<gmd:country>
<gco:CharacterString>US</gco:CharacterString>
</gmd:country>
<gmd:electronicMailAddress>
<gco:CharacterString>tim.clear@vermont.gov</gco:CharacterString>
</gmd:electronicMailAddress>
</gmd:CI_Address>
</gmd:address>
</gmd:CI_Contact>
</gmd:contactInfo>
<gmd:role>
<gmd:CI_RoleCode codeList="http://www.isotc211.org/2005/resources/Codelist/gmxCodelists.xml#CI_RoleCode" codeListValue="custodian" codeSpace="ISOTC211/19115">custodian</gmd:CI_RoleCode>
</gmd:role>
</gmd:CI_ResponsibleParty>
</gmd:pointOfContact>
<gmd:descriptiveKeywords>
<gmd:MD_Keywords>
<gmd:keyword>
<gco:CharacterString>Downloadable Data</gco:CharacterString>
</gmd:keyword>
<gmd:thesaurusName uuidref="723f6998-058e-11dc-8314-0800200c9a66"/>
</gmd:MD_Keywords>
</gmd:descriptiveKeywords>
<gmd:descriptiveKeywords>
<gmd:MD_Keywords>
<gmd:keyword>
<gco:CharacterString>isothemeWater</gco:CharacterString>
</gmd:keyword>
<gmd:keyword>
<gco:CharacterString>subthemeHydro</gco:CharacterString>
</gmd:keyword>
<gmd:keyword>
<gco:CharacterString>nodeVTANR</gco:CharacterString>
</gmd:keyword>
<gmd:keyword>
<gco:CharacterString>VT ANR Open Data</gco:CharacterString>
</gmd:keyword>
</gmd:MD_Keywords>
</gmd:descriptiveKeywords>
<gmd:descriptiveKeywords>
<gmd:MD_Keywords>
<gmd:keyword>
<gco:CharacterString>isothemeWater</gco:CharacterString>
</gmd:keyword>
<gmd:keyword>
<gco:CharacterString>subthemeHydro</gco:CharacterString>
</gmd:keyword>
<gmd:keyword>
<gco:CharacterString>nodeVTANR</gco:CharacterString>
</gmd:keyword>
<gmd:keyword>
<gco:CharacterString>VT ANR Open Data</gco:CharacterString>
</gmd:keyword>
</gmd:MD_Keywords>
</gmd:descriptiveKeywords>
<gmd:descriptiveKeywords>
<gmd:MD_Keywords>
<gmd:keyword>
<gco:CharacterString>isothemeWater</gco:CharacterString>
</gmd:keyword>
<gmd:keyword>
<gco:CharacterString>subthemeHydro</gco:CharacterString>
</gmd:keyword>
<gmd:keyword>
<gco:CharacterString>nodeVTANR</gco:CharacterString>
</gmd:keyword>
<gmd:keyword>
<gco:CharacterString>VT ANR Open Data</gco:CharacterString>
</gmd:keyword>
</gmd:MD_Keywords>
</gmd:descriptiveKeywords>
<gmd:descriptiveKeywords>
<gmd:MD_Keywords>
<gmd:keyword>
<gco:CharacterString>isothemeWater</gco:CharacterString>
</gmd:keyword>
<gmd:keyword>
<gco:CharacterString>subthemeHydro</gco:CharacterString>
</gmd:keyword>
<gmd:keyword>
<gco:CharacterString>nodeVTANR</gco:CharacterString>
</gmd:keyword>
<gmd:keyword>
<gco:CharacterString>VT ANR Open Data</gco:CharacterString>
</gmd:keyword>
</gmd:MD_Keywords>
</gmd:descriptiveKeywords>
<gmd:spatialRepresentationType>
<gmd:MD_SpatialRepresentationTypeCode codeList="http://www.isotc211.org/2005/resources/Codelist/gmxCodelists.xml#MD_SpatialRepresentationTypeCode" codeListValue="vector" codeSpace="ISOTC211/19115">vector</gmd:MD_SpatialRepresentationTypeCode>
</gmd:spatialRepresentationType>
<gmd:language>
<gmd:LanguageCode codeList="http://www.loc.gov/standards/iso639-2/php/code_list.php" codeListValue="eng" codeSpace="ISO639-2">eng</gmd:LanguageCode>
</gmd:language>
<gmd:characterSet>
<gmd:MD_CharacterSetCode codeList="http://www.isotc211.org/2005/resources/Codelist/gmxCodelists.xml#MD_CharacterSetCode" codeListValue="utf8" codeSpace="ISOTC211/19115">utf8</gmd:MD_CharacterSetCode>
</gmd:characterSet>
<gmd:topicCategory>
<gmd:MD_TopicCategoryCode>inlandWaters</gmd:MD_TopicCategoryCode>
</gmd:topicCategory>
<gmd:environmentDescription>
<gco:CharacterString>Microsoft Windows 7 Version 6.1 (Build 7601) Service Pack 1; Esri ArcGIS 10.3.1.4959</gco:CharacterString>
</gmd:environmentDescription>
<gmd:extent>
<gmd:EX_Extent>
<gmd:geographicElement>
<gmd:EX_GeographicBoundingBox>
<gmd:extentTypeCode>
<gco:Boolean>true</gco:Boolean>
</gmd:extentTypeCode>
<gmd:westBoundLongitude>
<gco:Decimal>-73.449569</gco:Decimal>
</gmd:westBoundLongitude>
<gmd:eastBoundLongitude>
<gco:Decimal>-71.512729</gco:Decimal>
</gmd:eastBoundLongitude>
<gmd:southBoundLatitude>
<gco:Decimal>42.721898</gco:Decimal>
</gmd:southBoundLatitude>
<gmd:northBoundLatitude>
<gco:Decimal>45.023987</gco:Decimal>
</gmd:northBoundLatitude>
</gmd:EX_GeographicBoundingBox>
</gmd:geographicElement>
</gmd:EX_Extent>
</gmd:extent>
<gmd:extent>
<gmd:EX_Extent>
<gmd:geographicElement>
<gmd:EX_GeographicBoundingBox>
<gmd:extentTypeCode>
<gco:Boolean>true</gco:Boolean>
</gmd:extentTypeCode>
<gmd:westBoundLongitude>
<gco:Decimal>-73.454162</gco:Decimal>
</gmd:westBoundLongitude>
<gmd:eastBoundLongitude>
<gco:Decimal>-71.465281</gco:Decimal>
</gmd:eastBoundLongitude>
<gmd:southBoundLatitude>
<gco:Decimal>42.564929</gco:Decimal>
</gmd:southBoundLatitude>
<gmd:northBoundLatitude>
<gco:Decimal>45.018362</gco:Decimal>
</gmd:northBoundLatitude>
</gmd:EX_GeographicBoundingBox>
</gmd:geographicElement>
</gmd:EX_Extent>
</gmd:extent>
</gmd:MD_DataIdentification>
</gmd:identificationInfo>
<gmd:distributionInfo>
<gmd:MD_Distribution>
<gmd:distributionFormat>
<gmd:MD_Format>
<gmd:name>
<gco:CharacterString>Shapefile</gco:CharacterString>
</gmd:name>
<gmd:version gco:nilReason="missing"/>
</gmd:MD_Format>
</gmd:distributionFormat>
<gmd:transferOptions>
<gmd:MD_DigitalTransferOptions/>
</gmd:transferOptions>
</gmd:MD_Distribution>
</gmd:distributionInfo>
</gmd:MD_Metadata>
